line,station,hour,day_of_week,is_weekend,is_peak_hour,crowd_level
Western,Andheri,0,Monday,0,0,Low
Western,Andheri,1,Monday,0,0,Low
Western,Andheri,2,Monday,0,0,Low
Western,Andheri,3,Monday,0,0,Low
Western,Andheri,4,Monday,0,0,Low
Western,Andheri,5,Monday,0,0,Low
Western,Andheri,6,Monday,0,0,Low
Western,Andheri,7,Monday,0,0,Low
Western,Andheri,8,Monday,0,1,Extreme
Western,Andheri,9,Monday,0,1,Extreme
Western,Andheri,10,Monday,0,1,Extreme
Western,Andheri,11,Monday,0,0,Medium
Western,Andheri,12,Monday,0,0,Medium
Western,Andheri,13,Monday,0,0,Medium
Western,Andheri,14,Monday,0,0,Medium
Western,Andheri,15,Monday,0,0,Medium
Western,Andheri,16,Monday,0,0,Medium
Western,Andheri,17,Monday,0,0,Medium
Western,Andheri,18,Monday,0,1,Extreme
Western,Andheri,19,Monday,0,1,Extreme
Western,Andheri,20,Monday,0,1,Extreme
Western,Andheri,21,Monday,0,1,Extreme
Western,Andheri,22,Monday,0,0,Low
Western,Andheri,23,Monday,0,0,Low
Western,Andheri,0,Tuesday,0,0,Low
Western,Andheri,1,Tuesday,0,0,Low
Western,Andheri,2,Tuesday,0,0,Low
Western,Andheri,3,Tuesday,0,0,Low
Western,Andheri,4,Tuesday,0,0,Low
Western,Andheri,5,Tuesday,0,0,Low
Western,Andheri,6,Tuesday,0,0,Low
Western,Andheri,7,Tuesday,0,0,Low
Western,Andheri,8,Tuesday,0,1,Extreme
Western,Andheri,9,Tuesday,0,1,Extreme
Western,Andheri,10,Tuesday,0,1,Extreme
Western,Andheri,11,Tuesday,0,0,Medium
Western,Andheri,12,Tuesday,0,0,Medium
Western,Andheri,13,Tuesday,0,0,Medium
Western,Andheri,14,Tuesday,0,0,Medium
Western,Andheri,15,Tuesday,0,0,Medium
Western,Andheri,16,Tuesday,0,0,Medium
Western,Andheri,17,Tuesday,0,0,Medium
Western,Andheri,18,Tuesday,0,1,Extreme
Western,Andheri,19,Tuesday,0,1,Extreme
Western,Andheri,20,Tuesday,0,1,Extreme
Western,Andheri,21,Tuesday,0,1,Extreme
Western,Andheri,22,Tuesday,0,0,Low
Western,Andheri,23,Tuesday,0,0,Low
Western,Andheri,0,Wednesday,0,0,Low
Western,Andheri,1,Wednesday,0,0,Low
Western,Andheri,2,Wednesday,0,0,Low
Western,Andheri,3,Wednesday,0,0,Low
Western,Andheri,4,Wednesday,0,0,Low
Western,Andheri,5,Wednesday,0,0,Low
Western,Andheri,6,Wednesday,0,0,Low
Western,Andheri,7,Wednesday,0,0,Low
Western,Andheri,8,Wednesday,0,1,Extreme
Western,Andheri,9,Wednesday,0,1,Extreme
Western,Andheri,10,Wednesday,0,1,Extreme
Western,Andheri,11,Wednesday,0,0,Medium
Western,Andheri,12,Wednesday,0,0,Medium
Western,Andheri,13,Wednesday,0,0,Medium
Western,Andheri,14,Wednesday,0,0,Medium
Western,Andheri,15,Wednesday,0,0,Medium
Western,Andheri,16,Wednesday,0,0,Medium
Western,Andheri,17,Wednesday,0,0,Medium
Western,Andheri,18,Wednesday,0,1,Extreme
Western,Andheri,19,Wednesday,0,1,Extreme
Western,Andheri,20,Wednesday,0,1,Extreme
Western,Andheri,21,Wednesday,0,1,Extreme
Western,Andheri,22,Wednesday,0,0,Low
Western,Andheri,23,Wednesday,0,0,Low
Western,Andheri,0,Thursday,0,0,Low
Western,Andheri,1,Thursday,0,0,Low
Western,Andheri,2,Thursday,0,0,Low
Western,Andheri,3,Thursday,0,0,Low
Western,Andheri,4,Thursday,0,0,Low
Western,Andheri,5,Thursday,0,0,Low
Western,Andheri,6,Thursday,0,0,Low
Western,Andheri,7,Thursday,0,0,Low
Western,Andheri,8,Thursday,0,1,Extreme
Western,Andheri,9,Thursday,0,1,Extreme
Western,Andheri,10,Thursday,0,1,Extreme
Western,Andheri,11,Thursday,0,0,Medium
Western,Andheri,12,Thursday,0,0,Medium
Western,Andheri,13,Thursday,0,0,Medium
Western,Andheri,14,Thursday,0,0,Medium
Western,Andheri,15,Thursday,0,0,Medium
Western,Andheri,16,Thursday,0,0,Medium
Western,Andheri,17,Thursday,0,0,Medium
Western,Andheri,18,Thursday,0,1,Extreme
Western,Andheri,19,Thursday,0,1,Extreme
Western,Andheri,20,Thursday,0,1,Extreme
Western,Andheri,21,Thursday,0,1,Extreme
Western,Andheri,22,Thursday,0,0,Low
Western,Andheri,23,Thursday,0,0,Low
Western,Andheri,0,Friday,0,0,Low
Western,Andheri,1,Friday,0,0,Low
Western,Andheri,2,Friday,0,0,Low
Western,Andheri,3,Friday,0,0,Low
Western,Andheri,4,Friday,0,0,Low
Western,Andheri,5,Friday,0,0,Low
Western,Andheri,6,Friday,0,0,Low
Western,Andheri,7,Friday,0,0,Low
Western,Andheri,8,Friday,0,1,Extreme
Western,Andheri,9,Friday,0,1,Extreme
Western,Andheri,10,Friday,0,1,Extreme
Western,Andheri,11,Friday,0,0,Medium
Western,Andheri,12,Friday,0,0,Medium
Western,Andheri,13,Friday,0,0,Medium
Western,Andheri,14,Friday,0,0,Medium
Western,Andheri,15,Friday,0,0,Medium
Western,Andheri,16,Friday,0,0,Medium
Western,Andheri,17,Friday,0,0,Medium
Western,Andheri,18,Friday,0,1,Extreme
Western,Andheri,19,Friday,0,1,Extreme
Western,Andheri,20,Friday,0,1,Extreme
Western,Andheri,21,Friday,0,1,Extreme
Western,Andheri,22,Friday,0,0,Low
Western,Andheri,23,Friday,0,0,Low
Western,Andheri,0,Saturday,1,0,Low
Western,Andheri,1,Saturday,1,0,Low
Western,Andheri,2,Saturday,1,0,Low
Western,Andheri,3,Saturday,1,0,Low
Western,Andheri,4,Saturday,1,0,Low
Western,Andheri,5,Saturday,1,0,Low
Western,Andheri,6,Saturday,1,0,Low
Western,Andheri,7,Saturday,1,0,Low
Western,Andheri,8,Saturday,1,1,Low
Western,Andheri,9,Saturday,1,1,Low
Western,Andheri,10,Saturday,1,1,Low
Western,Andheri,11,Saturday,1,0,Medium
Western,Andheri,12,Saturday,1,0,Medium
Western,Andheri,13,Saturday,1,0,Medium
Western,Andheri,14,Saturday,1,0,Medium
Western,Andheri,15,Saturday,1,0,Medium
Western,Andheri,16,Saturday,1,0,Medium
Western,Andheri,17,Saturday,1,0,Medium
Western,Andheri,18,Saturday,1,1,Medium
Western,Andheri,19,Saturday,1,1,Medium
Western,Andheri,20,Saturday,1,1,Medium
Western,Andheri,21,Saturday,1,1,Low
Western,Andheri,22,Saturday,1,0,Low
Western,Andheri,23,Saturday,1,0,Low
Western,Andheri,0,Sunday,1,0,Low
Western,Andheri,1,Sunday,1,0,Low
Western,Andheri,2,Sunday,1,0,Low
Western,Andheri,3,Sunday,1,0,Low
Western,Andheri,4,Sunday,1,0,Low
Western,Andheri,5,Sunday,1,0,Low
Western,Andheri,6,Sunday,1,0,Low
Western,Andheri,7,Sunday,1,0,Low
Western,Andheri,8,Sunday,1,1,Low
Western,Andheri,9,Sunday,1,1,Low
Western,Andheri,10,Sunday,1,1,Low
Western,Andheri,11,Sunday,1,0,Medium
Western,Andheri,12,Sunday,1,0,Medium
Western,Andheri,13,Sunday,1,0,Medium
Western,Andheri,14,Sunday,1,0,Medium
Western,Andheri,15,Sunday,1,0,Medium
Western,Andheri,16,Sunday,1,0,Medium
Western,Andheri,17,Sunday,1,0,Medium
Western,Andheri,18,Sunday,1,1,Medium
Western,Andheri,19,Sunday,1,1,Medium
Western,Andheri,20,Sunday,1,1,Medium
Western,Andheri,21,Sunday,1,1,Low
Western,Andheri,22,Sunday,1,0,Low
Western,Andheri,23,Sunday,1,0,Low
Western,Bandra,0,Monday,0,0,Low
Western,Bandra,1,Monday,0,0,Low
Western,Bandra,2,Monday,0,0,Low
Western,Bandra,3,Monday,0,0,Low
Western,Bandra,4,Monday,0,0,Low
Western,Bandra,5,Monday,0,0,Low
Western,Bandra,6,Monday,0,0,Low
Western,Bandra,7,Monday,0,0,Low
Western,Bandra,8,Monday,0,1,High
Western,Bandra,9,Monday,0,1,High
Western,Bandra,10,Monday,0,1,High
Western,Bandra,11,Monday,0,0,Medium
Western,Bandra,12,Monday,0,0,Medium
Western,Bandra,13,Monday,0,0,Medium
Western,Bandra,14,Monday,0,0,Medium
Western,Bandra,15,Monday,0,0,Medium
Western,Bandra,16,Monday,0,0,Medium
Western,Bandra,17,Monday,0,0,Medium
Western,Bandra,18,Monday,0,1,High
Western,Bandra,19,Monday,0,1,High
Western,Bandra,20,Monday,0,1,High
Western,Bandra,21,Monday,0,1,High
Western,Bandra,22,Monday,0,0,Low
Western,Bandra,23,Monday,0,0,Low
Western,Bandra,0,Tuesday,0,0,Low
Western,Bandra,1,Tuesday,0,0,Low
Western,Bandra,2,Tuesday,0,0,Low
Western,Bandra,3,Tuesday,0,0,Low
Western,Bandra,4,Tuesday,0,0,Low
Western,Bandra,5,Tuesday,0,0,Low
Western,Bandra,6,Tuesday,0,0,Low
Western,Bandra,7,Tuesday,0,0,Low
Western,Bandra,8,Tuesday,0,1,High
Western,Bandra,9,Tuesday,0,1,High
Western,Bandra,10,Tuesday,0,1,High
Western,Bandra,11,Tuesday,0,0,Medium
Western,Bandra,12,Tuesday,0,0,Medium
Western,Bandra,13,Tuesday,0,0,Medium
Western,Bandra,14,Tuesday,0,0,Medium
Western,Bandra,15,Tuesday,0,0,Medium
Western,Bandra,16,Tuesday,0,0,Medium
Western,Bandra,17,Tuesday,0,0,Medium
Western,Bandra,18,Tuesday,0,1,High
Western,Bandra,19,Tuesday,0,1,High
Western,Bandra,20,Tuesday,0,1,High
Western,Bandra,21,Tuesday,0,1,High
Western,Bandra,22,Tuesday,0,0,Low
Western,Bandra,23,Tuesday,0,0,Low
Western,Bandra,0,Wednesday,0,0,Low
Western,Bandra,1,Wednesday,0,0,Low
Western,Bandra,2,Wednesday,0,0,Low
Western,Bandra,3,Wednesday,0,0,Low
Western,Bandra,4,Wednesday,0,0,Low
Western,Bandra,5,Wednesday,0,0,Low
Western,Bandra,6,Wednesday,0,0,Low
Western,Bandra,7,Wednesday,0,0,Low
Western,Bandra,8,Wednesday,0,1,High
Western,Bandra,9,Wednesday,0,1,High
Western,Bandra,10,Wednesday,0,1,High
Western,Bandra,11,Wednesday,0,0,Medium
Western,Bandra,12,Wednesday,0,0,Medium
Western,Bandra,13,Wednesday,0,0,Medium
Western,Bandra,14,Wednesday,0,0,Medium
Western,Bandra,15,Wednesday,0,0,Medium
Western,Bandra,16,Wednesday,0,0,Medium
Western,Bandra,17,Wednesday,0,0,Medium
Western,Bandra,18,Wednesday,0,1,High
Western,Bandra,19,Wednesday,0,1,High
Western,Bandra,20,Wednesday,0,1,High
Western,Bandra,21,Wednesday,0,1,High
Western,Bandra,22,Wednesday,0,0,Low
Western,Bandra,23,Wednesday,0,0,Low
Western,Bandra,0,Thursday,0,0,Low
Western,Bandra,1,Thursday,0,0,Low
Western,Bandra,2,Thursday,0,0,Low
Western,Bandra,3,Thursday,0,0,Low
Western,Bandra,4,Thursday,0,0,Low
Western,Bandra,5,Thursday,0,0,Low
Western,Bandra,6,Thursday,0,0,Low
Western,Bandra,7,Thursday,0,0,Low
Western,Bandra,8,Thursday,0,1,High
Western,Bandra,9,Thursday,0,1,High
Western,Bandra,10,Thursday,0,1,High
Western,Bandra,11,Thursday,0,0,Medium
Western,Bandra,12,Thursday,0,0,Medium
Western,Bandra,13,Thursday,0,0,Medium
Western,Bandra,14,Thursday,0,0,Medium
Western,Bandra,15,Thursday,0,0,Medium
Western,Bandra,16,Thursday,0,0,Medium
Western,Bandra,17,Thursday,0,0,Medium
Western,Bandra,18,Thursday,0,1,High
Western,Bandra,19,Thursday,0,1,High
Western,Bandra,20,Thursday,0,1,High
Western,Bandra,21,Thursday,0,1,High
Western,Bandra,22,Thursday,0,0,Low
Western,Bandra,23,Thursday,0,0,Low
Western,Bandra,0,Friday,0,0,Low
Western,Bandra,1,Friday,0,0,Low
Western,Bandra,2,Friday,0,0,Low
Western,Bandra,3,Friday,0,0,Low
Western,Bandra,4,Friday,0,0,Low
Western,Bandra,5,Friday,0,0,Low
Western,Bandra,6,Friday,0,0,Low
Western,Bandra,7,Friday,0,0,Low
Western,Bandra,8,Friday,0,1,High
Western,Bandra,9,Friday,0,1,High
Western,Bandra,10,Friday,0,1,High
Western,Bandra,11,Friday,0,0,Medium
Western,Bandra,12,Friday,0,0,Medium
Western,Bandra,13,Friday,0,0,Medium
Western,Bandra,14,Friday,0,0,Medium
Western,Bandra,15,Friday,0,0,Medium
Western,Bandra,16,Friday,0,0,Medium
Western,Bandra,17,Friday,0,0,Medium
Western,Bandra,18,Friday,0,1,High
Western,Bandra,19,Friday,0,1,High
Western,Bandra,20,Friday,0,1,High
Western,Bandra,21,Friday,0,1,High
Western,Bandra,22,Friday,0,0,Low
Western,Bandra,23,Friday,0,0,Low
Western,Bandra,0,Saturday,1,0,Low
Western,Bandra,1,Saturday,1,0,Low
Western,Bandra,2,Saturday,1,0,Low
Western,Bandra,3,Saturday,1,0,Low
Western,Bandra,4,Saturday,1,0,Low
Western,Bandra,5,Saturday,1,0,Low
Western,Bandra,6,Saturday,1,0,Low
Western,Bandra,7,Saturday,1,0,Low
Western,Bandra,8,Saturday,1,1,Low
Western,Bandra,9,Saturday,1,1,Low
Western,Bandra,10,Saturday,1,1,Low
Western,Bandra,11,Saturday,1,0,Medium
Western,Bandra,12,Saturday,1,0,Medium
Western,Bandra,13,Saturday,1,0,Medium
Western,Bandra,14,Saturday,1,0,Medium
Western,Bandra,15,Saturday,1,0,Medium
Western,Bandra,16,Saturday,1,0,Medium
Western,Bandra,17,Saturday,1,0,Medium
Western,Bandra,18,Saturday,1,1,Medium
Western,Bandra,19,Saturday,1,1,Medium
Western,Bandra,20,Saturday,1,1,Medium
Western,Bandra,21,Saturday,1,1,Low
Western,Bandra,22,Saturday,1,0,Low
Western,Bandra,23,Saturday,1,0,Low
Western,Bandra,0,Sunday,1,0,Low
Western,Bandra,1,Sunday,1,0,Low
Western,Bandra,2,Sunday,1,0,Low
Western,Bandra,3,Sunday,1,0,Low
Western,Bandra,4,Sunday,1,0,Low
Western,Bandra,5,Sunday,1,0,Low
Western,Bandra,6,Sunday,1,0,Low
Western,Bandra,7,Sunday,1,0,Low
Western,Bandra,8,Sunday,1,1,Low
Western,Bandra,9,Sunday,1,1,Low
Western,Bandra,10,Sunday,1,1,Low
Western,Bandra,11,Sunday,1,0,Medium
Western,Bandra,12,Sunday,1,0,Medium
Western,Bandra,13,Sunday,1,0,Medium
Western,Bandra,14,Sunday,1,0,Medium
Western,Bandra,15,Sunday,1,0,Medium
Western,Bandra,16,Sunday,1,0,Medium
Western,Bandra,17,Sunday,1,0,Medium
Western,Bandra,18,Sunday,1,1,Medium
Western,Bandra,19,Sunday,1,1,Medium
Western,Bandra,20,Sunday,1,1,Medium
Western,Bandra,21,Sunday,1,1,Low
Western,Bandra,22,Sunday,1,0,Low
Western,Bandra,23,Sunday,1,0,Low
Western,Dadar,0,Monday,0,0,Low
Western,Dadar,1,Monday,0,0,Low
Western,Dadar,2,Monday,0,0,Low
Western,Dadar,3,Monday,0,0,Low
Western,Dadar,4,Monday,0,0,Low
Western,Dadar,5,Monday,0,0,Low
Western,Dadar,6,Monday,0,0,Low
Western,Dadar,7,Monday,0,0,Low
Western,Dadar,8,Monday,0,1,Extreme
Western,Dadar,9,Monday,0,1,Extreme
Western,Dadar,10,Monday,0,1,Extreme
Western,Dadar,11,Monday,0,0,Medium
Western,Dadar,12,Monday,0,0,Medium
Western,Dadar,13,Monday,0,0,Medium
Western,Dadar,14,Monday,0,0,Medium
Western,Dadar,15,Monday,0,0,Medium
Western,Dadar,16,Monday,0,0,Medium
Western,Dadar,17,Monday,0,0,Medium
Western,Dadar,18,Monday,0,1,Extreme
Western,Dadar,19,Monday,0,1,Extreme
Western,Dadar,20,Monday,0,1,Extreme
Western,Dadar,21,Monday,0,1,Extreme
Western,Dadar,22,Monday,0,0,Low
Western,Dadar,23,Monday,0,0,Low
Western,Dadar,0,Tuesday,0,0,Low
Western,Dadar,1,Tuesday,0,0,Low
Western,Dadar,2,Tuesday,0,0,Low
Western,Dadar,3,Tuesday,0,0,Low
Western,Dadar,4,Tuesday,0,0,Low
Western,Dadar,5,Tuesday,0,0,Low
Western,Dadar,6,Tuesday,0,0,Low
Western,Dadar,7,Tuesday,0,0,Low
Western,Dadar,8,Tuesday,0,1,Extreme
Western,Dadar,9,Tuesday,0,1,Extreme
Western,Dadar,10,Tuesday,0,1,Extreme
Western,Dadar,11,Tuesday,0,0,Medium
Western,Dadar,12,Tuesday,0,0,Medium
Western,Dadar,13,Tuesday,0,0,Medium
Western,Dadar,14,Tuesday,0,0,Medium
Western,Dadar,15,Tuesday,0,0,Medium
Western,Dadar,16,Tuesday,0,0,Medium
Western,Dadar,17,Tuesday,0,0,Medium
Western,Dadar,18,Tuesday,0,1,Extreme
Western,Dadar,19,Tuesday,0,1,Extreme
Western,Dadar,20,Tuesday,0,1,Extreme
Western,Dadar,21,Tuesday,0,1,Extreme
Western,Dadar,22,Tuesday,0,0,Low
Western,Dadar,23,Tuesday,0,0,Low
Western,Dadar,0,Wednesday,0,0,Low
Western,Dadar,1,Wednesday,0,0,Low
Western,Dadar,2,Wednesday,0,0,Low
Western,Dadar,3,Wednesday,0,0,Low
Western,Dadar,4,Wednesday,0,0,Low
Western,Dadar,5,Wednesday,0,0,Low
Western,Dadar,6,Wednesday,0,0,Low
Western,Dadar,7,Wednesday,0,0,Low
Western,Dadar,8,Wednesday,0,1,Extreme
Western,Dadar,9,Wednesday,0,1,Extreme
Western,Dadar,10,Wednesday,0,1,Extreme
Western,Dadar,11,Wednesday,0,0,Medium
Western,Dadar,12,Wednesday,0,0,Medium
Western,Dadar,13,Wednesday,0,0,Medium
Western,Dadar,14,Wednesday,0,0,Medium
Western,Dadar,15,Wednesday,0,0,Medium
Western,Dadar,16,Wednesday,0,0,Medium
Western,Dadar,17,Wednesday,0,0,Medium
Western,Dadar,18,Wednesday,0,1,Extreme
Western,Dadar,19,Wednesday,0,1,Extreme
Western,Dadar,20,Wednesday,0,1,Extreme
Western,Dadar,21,Wednesday,0,1,Extreme
Western,Dadar,22,Wednesday,0,0,Low
Western,Dadar,23,Wednesday,0,0,Low
Western,Dadar,0,Thursday,0,0,Low
Western,Dadar,1,Thursday,0,0,Low
Western,Dadar,2,Thursday,0,0,Low
Western,Dadar,3,Thursday,0,0,Low
Western,Dadar,4,Thursday,0,0,Low
Western,Dadar,5,Thursday,0,0,Low
Western,Dadar,6,Thursday,0,0,Low
Western,Dadar,7,Thursday,0,0,Low
Western,Dadar,8,Thursday,0,1,Extreme
Western,Dadar,9,Thursday,0,1,Extreme
Western,Dadar,10,Thursday,0,1,Extreme
Western,Dadar,11,Thursday,0,0,Medium
Western,Dadar,12,Thursday,0,0,Medium
Western,Dadar,13,Thursday,0,0,Medium
Western,Dadar,14,Thursday,0,0,Medium
Western,Dadar,15,Thursday,0,0,Medium
Western,Dadar,16,Thursday,0,0,Medium
Western,Dadar,17,Thursday,0,0,Medium
Western,Dadar,18,Thursday,0,1,Extreme
Western,Dadar,19,Thursday,0,1,Extreme
Western,Dadar,20,Thursday,0,1,Extreme
Western,Dadar,21,Thursday,0,1,Extreme
Western,Dadar,22,Thursday,0,0,Low
Western,Dadar,23,Thursday,0,0,Low
Western,Dadar,0,Friday,0,0,Low
Western,Dadar,1,Friday,0,0,Low
Western,Dadar,2,Friday,0,0,Low
Western,Dadar,3,Friday,0,0,Low
Western,Dadar,4,Friday,0,0,Low
Western,Dadar,5,Friday,0,0,Low
Western,Dadar,6,Friday,0,0,Low
Western,Dadar,7,Friday,0,0,Low
Western,Dadar,8,Friday,0,1,Extreme
Western,Dadar,9,Friday,0,1,Extreme
Western,Dadar,10,Friday,0,1,Extreme
Western,Dadar,11,Friday,0,0,Medium
Western,Dadar,12,Friday,0,0,Medium
Western,Dadar,13,Friday,0,0,Medium
Western,Dadar,14,Friday,0,0,Medium
Western,Dadar,15,Friday,0,0,Medium
Western,Dadar,16,Friday,0,0,Medium
Western,Dadar,17,Friday,0,0,Medium
Western,Dadar,18,Friday,0,1,Extreme
Western,Dadar,19,Friday,0,1,Extreme
Western,Dadar,20,Friday,0,1,Extreme
Western,Dadar,21,Friday,0,1,Extreme
Western,Dadar,22,Friday,0,0,Low
Western,Dadar,23,Friday,0,0,Low
Western,Dadar,0,Saturday,1,0,Low
Western,Dadar,1,Saturday,1,0,Low
Western,Dadar,2,Saturday,1,0,Low
Western,Dadar,3,Saturday,1,0,Low
Western,Dadar,4,Saturday,1,0,Low
Western,Dadar,5,Saturday,1,0,Low
Western,Dadar,6,Saturday,1,0,Low
Western,Dadar,7,Saturday,1,0,Low
Western,Dadar,8,Saturday,1,1,Low
Western,Dadar,9,Saturday,1,1,Low
Western,Dadar,10,Saturday,1,1,Low
Western,Dadar,11,Saturday,1,0,Medium
Western,Dadar,12,Saturday,1,0,Medium
Western,Dadar,13,Saturday,1,0,Medium
Western,Dadar,14,Saturday,1,0,Medium
Western,Dadar,15,Saturday,1,0,Medium
Western,Dadar,16,Saturday,1,0,Medium
Western,Dadar,17,Saturday,1,0,Medium
Western,Dadar,18,Saturday,1,1,Medium
Western,Dadar,19,Saturday,1,1,Medium
Western,Dadar,20,Saturday,1,1,Medium
Western,Dadar,21,Saturday,1,1,Low
Western,Dadar,22,Saturday,1,0,Low
Western,Dadar,23,Saturday,1,0,Low
Western,Dadar,0,Sunday,1,0,Low
Western,Dadar,1,Sunday,1,0,Low
Western,Dadar,2,Sunday,1,0,Low
Western,Dadar,3,Sunday,1,0,Low
Western,Dadar,4,Sunday,1,0,Low
Western,Dadar,5,Sunday,1,0,Low
Western,Dadar,6,Sunday,1,0,Low
Western,Dadar,7,Sunday,1,0,Low
Western,Dadar,8,Sunday,1,1,Low
Western,Dadar,9,Sunday,1,1,Low
Western,Dadar,10,Sunday,1,1,Low
Western,Dadar,11,Sunday,1,0,Medium
Western,Dadar,12,Sunday,1,0,Medium
Western,Dadar,13,Sunday,1,0,Medium
Western,Dadar,14,Sunday,1,0,Medium
Western,Dadar,15,Sunday,1,0,Medium
Western,Dadar,16,Sunday,1,0,Medium
Western,Dadar,17,Sunday,1,0,Medium
Western,Dadar,18,Sunday,1,1,Medium
Western,Dadar,19,Sunday,1,1,Medium
Western,Dadar,20,Sunday,1,1,Medium
Western,Dadar,21,Sunday,1,1,Low
Western,Dadar,22,Sunday,1,0,Low
Western,Dadar,23,Sunday,1,0,Low
Western,Borivali,0,Monday,0,0,Low
Western,Borivali,1,Monday,0,0,Low
Western,Borivali,2,Monday,0,0,Low
Western,Borivali,3,Monday,0,0,Low
Western,Borivali,4,Monday,0,0,Low
Western,Borivali,5,Monday,0,0,Low
Western,Borivali,6,Monday,0,0,Low
Western,Borivali,7,Monday,0,0,Low
Western,Borivali,8,Monday,0,1,High
Western,Borivali,9,Monday,0,1,High
Western,Borivali,10,Monday,0,1,High
Western,Borivali,11,Monday,0,0,Medium
Western,Borivali,12,Monday,0,0,Medium
Western,Borivali,13,Monday,0,0,Medium
Western,Borivali,14,Monday,0,0,Medium
Western,Borivali,15,Monday,0,0,Medium
Western,Borivali,16,Monday,0,0,Medium
Western,Borivali,17,Monday,0,0,Medium
Western,Borivali,18,Monday,0,1,High
Western,Borivali,19,Monday,0,1,High
Western,Borivali,20,Monday,0,1,High
Western,Borivali,21,Monday,0,1,High
Western,Borivali,22,Monday,0,0,Low
Western,Borivali,23,Monday,0,0,Low
Western,Borivali,0,Tuesday,0,0,Low
Western,Borivali,1,Tuesday,0,0,Low
Western,Borivali,2,Tuesday,0,0,Low
Western,Borivali,3,Tuesday,0,0,Low
Western,Borivali,4,Tuesday,0,0,Low
Western,Borivali,5,Tuesday,0,0,Low
Western,Borivali,6,Tuesday,0,0,Low
Western,Borivali,7,Tuesday,0,0,Low
Western,Borivali,8,Tuesday,0,1,High
Western,Borivali,9,Tuesday,0,1,High
Western,Borivali,10,Tuesday,0,1,High
Western,Borivali,11,Tuesday,0,0,Medium
Western,Borivali,12,Tuesday,0,0,Medium
Western,Borivali,13,Tuesday,0,0,Medium
Western,Borivali,14,Tuesday,0,0,Medium
Western,Borivali,15,Tuesday,0,0,Medium
Western,Borivali,16,Tuesday,0,0,Medium
Western,Borivali,17,Tuesday,0,0,Medium
Western,Borivali,18,Tuesday,0,1,High
Western,Borivali,19,Tuesday,0,1,High
Western,Borivali,20,Tuesday,0,1,High
Western,Borivali,21,Tuesday,0,1,High
Western,Borivali,22,Tuesday,0,0,Low
Western,Borivali,23,Tuesday,0,0,Low
Western,Borivali,0,Wednesday,0,0,Low
Western,Borivali,1,Wednesday,0,0,Low
Western,Borivali,2,Wednesday,0,0,Low
Western,Borivali,3,Wednesday,0,0,Low
Western,Borivali,4,Wednesday,0,0,Low
Western,Borivali,5,Wednesday,0,0,Low
Western,Borivali,6,Wednesday,0,0,Low
Western,Borivali,7,Wednesday,0,0,Low
Western,Borivali,8,Wednesday,0,1,High
Western,Borivali,9,Wednesday,0,1,High
Western,Borivali,10,Wednesday,0,1,High
Western,Borivali,11,Wednesday,0,0,Medium
Western,Borivali,12,Wednesday,0,0,Medium
Western,Borivali,13,Wednesday,0,0,Medium
Western,Borivali,14,Wednesday,0,0,Medium
Western,Borivali,15,Wednesday,0,0,Medium
Western,Borivali,16,Wednesday,0,0,Medium
Western,Borivali,17,Wednesday,0,0,Medium
Western,Borivali,18,Wednesday,0,1,High
Western,Borivali,19,Wednesday,0,1,High
Western,Borivali,20,Wednesday,0,1,High
Western,Borivali,21,Wednesday,0,1,High
Western,Borivali,22,Wednesday,0,0,Low
Western,Borivali,23,Wednesday,0,0,Low
Western,Borivali,0,Thursday,0,0,Low
Western,Borivali,1,Thursday,0,0,Low
Western,Borivali,2,Thursday,0,0,Low
Western,Borivali,3,Thursday,0,0,Low
Western,Borivali,4,Thursday,0,0,Low
Western,Borivali,5,Thursday,0,0,Low
Western,Borivali,6,Thursday,0,0,Low
Western,Borivali,7,Thursday,0,0,Low
Western,Borivali,8,Thursday,0,1,High
Western,Borivali,9,Thursday,0,1,High
Western,Borivali,10,Thursday,0,1,High
Western,Borivali,11,Thursday,0,0,Medium
Western,Borivali,12,Thursday,0,0,Medium
Western,Borivali,13,Thursday,0,0,Medium
Western,Borivali,14,Thursday,0,0,Medium
Western,Borivali,15,Thursday,0,0,Medium
Western,Borivali,16,Thursday,0,0,Medium
Western,Borivali,17,Thursday,0,0,Medium
Western,Borivali,18,Thursday,0,1,High
Western,Borivali,19,Thursday,0,1,High
Western,Borivali,20,Thursday,0,1,High
Western,Borivali,21,Thursday,0,1,High
Western,Borivali,22,Thursday,0,0,Low
Western,Borivali,23,Thursday,0,0,Low
Western,Borivali,0,Friday,0,0,Low
Western,Borivali,1,Friday,0,0,Low
Western,Borivali,2,Friday,0,0,Low
Western,Borivali,3,Friday,0,0,Low
Western,Borivali,4,Friday,0,0,Low
Western,Borivali,5,Friday,0,0,Low
Western,Borivali,6,Friday,0,0,Low
Western,Borivali,7,Friday,0,0,Low
Western,Borivali,8,Friday,0,1,High
Western,Borivali,9,Friday,0,1,High
Western,Borivali,10,Friday,0,1,High
Western,Borivali,11,Friday,0,0,Medium
Western,Borivali,12,Friday,0,0,Medium
Western,Borivali,13,Friday,0,0,Medium
Western,Borivali,14,Friday,0,0,Medium
Western,Borivali,15,Friday,0,0,Medium
Western,Borivali,16,Friday,0,0,Medium
Western,Borivali,17,Friday,0,0,Medium
Western,Borivali,18,Friday,0,1,High
Western,Borivali,19,Friday,0,1,High
Western,Borivali,20,Friday,0,1,High
Western,Borivali,21,Friday,0,1,High
Western,Borivali,22,Friday,0,0,Low
Western,Borivali,23,Friday,0,0,Low
Western,Borivali,0,Saturday,1,0,Low
Western,Borivali,1,Saturday,1,0,Low
Western,Borivali,2,Saturday,1,0,Low
Western,Borivali,3,Saturday,1,0,Low
Western,Borivali,4,Saturday,1,0,Low
Western,Borivali,5,Saturday,1,0,Low
Western,Borivali,6,Saturday,1,0,Low
Western,Borivali,7,Saturday,1,0,Low
Western,Borivali,8,Saturday,1,1,Low
Western,Borivali,9,Saturday,1,1,Low
Western,Borivali,10,Saturday,1,1,Low
Western,Borivali,11,Saturday,1,0,Medium
Western,Borivali,12,Saturday,1,0,Medium
Western,Borivali,13,Saturday,1,0,Medium
Western,Borivali,14,Saturday,1,0,Medium
Western,Borivali,15,Saturday,1,0,Medium
Western,Borivali,16,Saturday,1,0,Medium
Western,Borivali,17,Saturday,1,0,Medium
Western,Borivali,18,Saturday,1,1,Medium
Western,Borivali,19,Saturday,1,1,Medium
Western,Borivali,20,Saturday,1,1,Medium
Western,Borivali,21,Saturday,1,1,Low
Western,Borivali,22,Saturday,1,0,Low
Western,Borivali,23,Saturday,1,0,Low
Western,Borivali,0,Sunday,1,0,Low
Western,Borivali,1,Sunday,1,0,Low
Western,Borivali,2,Sunday,1,0,Low
Western,Borivali,3,Sunday,1,0,Low
Western,Borivali,4,Sunday,1,0,Low
Western,Borivali,5,Sunday,1,0,Low
Western,Borivali,6,Sunday,1,0,Low
Western,Borivali,7,Sunday,1,0,Low
Western,Borivali,8,Sunday,1,1,Low
Western,Borivali,9,Sunday,1,1,Low
Western,Borivali,10,Sunday,1,1,Low
Western,Borivali,11,Sunday,1,0,Medium
Western,Borivali,12,Sunday,1,0,Medium
Western,Borivali,13,Sunday,1,0,Medium
Western,Borivali,14,Sunday,1,0,Medium
Western,Borivali,15,Sunday,1,0,Medium
Western,Borivali,16,Sunday,1,0,Medium
Western,Borivali,17,Sunday,1,0,Medium
Western,Borivali,18,Sunday,1,1,Medium
Western,Borivali,19,Sunday,1,1,Medium
Western,Borivali,20,Sunday,1,1,Medium
Western,Borivali,21,Sunday,1,1,Low
Western,Borivali,22,Sunday,1,0,Low
Western,Borivali,23,Sunday,1,0,Low
Central,Kurla,0,Monday,0,0,Low
Central,Kurla,1,Monday,0,0,Low
Central,Kurla,2,Monday,0,0,Low
Central,Kurla,3,Monday,0,0,Low
Central,Kurla,4,Monday,0,0,Low
Central,Kurla,5,Monday,0,0,Low
Central,Kurla,6,Monday,0,0,Low
Central,Kurla,7,Monday,0,0,Low
Central,Kurla,8,Monday,0,1,Extreme
Central,Kurla,9,Monday,0,1,Extreme
Central,Kurla,10,Monday,0,1,Extreme
Central,Kurla,11,Monday,0,0,Medium
Central,Kurla,12,Monday,0,0,Medium
Central,Kurla,13,Monday,0,0,Medium
Central,Kurla,14,Monday,0,0,Medium
Central,Kurla,15,Monday,0,0,Medium
Central,Kurla,16,Monday,0,0,Medium
Central,Kurla,17,Monday,0,0,Medium
Central,Kurla,18,Monday,0,1,Extreme
Central,Kurla,19,Monday,0,1,Extreme
Central,Kurla,20,Monday,0,1,Extreme
Central,Kurla,21,Monday,0,1,Extreme
Central,Kurla,22,Monday,0,0,Low
Central,Kurla,23,Monday,0,0,Low
Central,Kurla,0,Tuesday,0,0,Low
Central,Kurla,1,Tuesday,0,0,Low
Central,Kurla,2,Tuesday,0,0,Low
Central,Kurla,3,Tuesday,0,0,Low
Central,Kurla,4,Tuesday,0,0,Low
Central,Kurla,5,Tuesday,0,0,Low
Central,Kurla,6,Tuesday,0,0,Low
Central,Kurla,7,Tuesday,0,0,Low
Central,Kurla,8,Tuesday,0,1,Extreme
Central,Kurla,9,Tuesday,0,1,Extreme
Central,Kurla,10,Tuesday,0,1,Extreme
Central,Kurla,11,Tuesday,0,0,Medium
Central,Kurla,12,Tuesday,0,0,Medium
Central,Kurla,13,Tuesday,0,0,Medium
Central,Kurla,14,Tuesday,0,0,Medium
Central,Kurla,15,Tuesday,0,0,Medium
Central,Kurla,16,Tuesday,0,0,Medium
Central,Kurla,17,Tuesday,0,0,Medium
Central,Kurla,18,Tuesday,0,1,Extreme
Central,Kurla,19,Tuesday,0,1,Extreme
Central,Kurla,20,Tuesday,0,1,Extreme
Central,Kurla,21,Tuesday,0,1,Extreme
Central,Kurla,22,Tuesday,0,0,Low
Central,Kurla,23,Tuesday,0,0,Low
Central,Kurla,0,Wednesday,0,0,Low
Central,Kurla,1,Wednesday,0,0,Low
Central,Kurla,2,Wednesday,0,0,Low
Central,Kurla,3,Wednesday,0,0,Low
Central,Kurla,4,Wednesday,0,0,Low
Central,Kurla,5,Wednesday,0,0,Low
Central,Kurla,6,Wednesday,0,0,Low
Central,Kurla,7,Wednesday,0,0,Low
Central,Kurla,8,Wednesday,0,1,Extreme
Central,Kurla,9,Wednesday,0,1,Extreme
Central,Kurla,10,Wednesday,0,1,Extreme
Central,Kurla,11,Wednesday,0,0,Medium
Central,Kurla,12,Wednesday,0,0,Medium
Central,Kurla,13,Wednesday,0,0,Medium
Central,Kurla,14,Wednesday,0,0,Medium
Central,Kurla,15,Wednesday,0,0,Medium
Central,Kurla,16,Wednesday,0,0,Medium
Central,Kurla,17,Wednesday,0,0,Medium
Central,Kurla,18,Wednesday,0,1,Extreme
Central,Kurla,19,Wednesday,0,1,Extreme
Central,Kurla,20,Wednesday,0,1,Extreme
Central,Kurla,21,Wednesday,0,1,Extreme
Central,Kurla,22,Wednesday,0,0,Low
Central,Kurla,23,Wednesday,0,0,Low
Central,Kurla,0,Thursday,0,0,Low
Central,Kurla,1,Thursday,0,0,Low
Central,Kurla,2,Thursday,0,0,Low
Central,Kurla,3,Thursday,0,0,Low
Central,Kurla,4,Thursday,0,0,Low
Central,Kurla,5,Thursday,0,0,Low
Central,Kurla,6,Thursday,0,0,Low
Central,Kurla,7,Thursday,0,0,Low
Central,Kurla,8,Thursday,0,1,Extreme
Central,Kurla,9,Thursday,0,1,Extreme
Central,Kurla,10,Thursday,0,1,Extreme
Central,Kurla,11,Thursday,0,0,Medium
Central,Kurla,12,Thursday,0,0,Medium
Central,Kurla,13,Thursday,0,0,Medium
Central,Kurla,14,Thursday,0,0,Medium
Central,Kurla,15,Thursday,0,0,Medium
Central,Kurla,16,Thursday,0,0,Medium
Central,Kurla,17,Thursday,0,0,Medium
Central,Kurla,18,Thursday,0,1,Extreme
Central,Kurla,19,Thursday,0,1,Extreme
Central,Kurla,20,Thursday,0,1,Extreme
Central,Kurla,21,Thursday,0,1,Extreme
Central,Kurla,22,Thursday,0,0,Low
Central,Kurla,23,Thursday,0,0,Low
Central,Kurla,0,Friday,0,0,Low
Central,Kurla,1,Friday,0,0,Low
Central,Kurla,2,Friday,0,0,Low
Central,Kurla,3,Friday,0,0,Low
Central,Kurla,4,Friday,0,0,Low
Central,Kurla,5,Friday,0,0,Low
Central,Kurla,6,Friday,0,0,Low
Central,Kurla,7,Friday,0,0,Low
Central,Kurla,8,Friday,0,1,Extreme
Central,Kurla,9,Friday,0,1,Extreme
Central,Kurla,10,Friday,0,1,Extreme
Central,Kurla,11,Friday,0,0,Medium
Central,Kurla,12,Friday,0,0,Medium
Central,Kurla,13,Friday,0,0,Medium
Central,Kurla,14,Friday,0,0,Medium
Central,Kurla,15,Friday,0,0,Medium
Central,Kurla,16,Friday,0,0,Medium
Central,Kurla,17,Friday,0,0,Medium
Central,Kurla,18,Friday,0,1,Extreme
Central,Kurla,19,Friday,0,1,Extreme
Central,Kurla,20,Friday,0,1,Extreme
Central,Kurla,21,Friday,0,1,Extreme
Central,Kurla,22,Friday,0,0,Low
Central,Kurla,23,Friday,0,0,Low
Central,Kurla,0,Saturday,1,0,Low
Central,Kurla,1,Saturday,1,0,Low
Central,Kurla,2,Saturday,1,0,Low
Central,Kurla,3,Saturday,1,0,Low
Central,Kurla,4,Saturday,1,0,Low
Central,Kurla,5,Saturday,1,0,Low
Central,Kurla,6,Saturday,1,0,Low
Central,Kurla,7,Saturday,1,0,Low
Central,Kurla,8,Saturday,1,1,Low
Central,Kurla,9,Saturday,1,1,Low
Central,Kurla,10,Saturday,1,1,Low
Central,Kurla,11,Saturday,1,0,Medium
Central,Kurla,12,Saturday,1,0,Medium
Central,Kurla,13,Saturday,1,0,Medium
Central,Kurla,14,Saturday,1,0,Medium
Central,Kurla,15,Saturday,1,0,Medium
Central,Kurla,16,Saturday,1,0,Medium
Central,Kurla,17,Saturday,1,0,Medium
Central,Kurla,18,Saturday,1,1,Medium
Central,Kurla,19,Saturday,1,1,Medium
Central,Kurla,20,Saturday,1,1,Medium
Central,Kurla,21,Saturday,1,1,Low
Central,Kurla,22,Saturday,1,0,Low
Central,Kurla,23,Saturday,1,0,Low
Central,Kurla,0,Sunday,1,0,Low
Central,Kurla,1,Sunday,1,0,Low
Central,Kurla,2,Sunday,1,0,Low
Central,Kurla,3,Sunday,1,0,Low
Central,Kurla,4,Sunday,1,0,Low
Central,Kurla,5,Sunday,1,0,Low
Central,Kurla,6,Sunday,1,0,Low
Central,Kurla,7,Sunday,1,0,Low
Central,Kurla,8,Sunday,1,1,Low
Central,Kurla,9,Sunday,1,1,Low
Central,Kurla,10,Sunday,1,1,Low
Central,Kurla,11,Sunday,1,0,Medium
Central,Kurla,12,Sunday,1,0,Medium
Central,Kurla,13,Sunday,1,0,Medium
Central,Kurla,14,Sunday,1,0,Medium
Central,Kurla,15,Sunday,1,0,Medium
Central,Kurla,16,Sunday,1,0,Medium
Central,Kurla,17,Sunday,1,0,Medium
Central,Kurla,18,Sunday,1,1,Medium
Central,Kurla,19,Sunday,1,1,Medium
Central,Kurla,20,Sunday,1,1,Medium
Central,Kurla,21,Sunday,1,1,Low
Central,Kurla,22,Sunday,1,0,Low
Central,Kurla,23,Sunday,1,0,Low
Central,Ghatkopar,0,Monday,0,0,Low
Central,Ghatkopar,1,Monday,0,0,Low
Central,Ghatkopar,2,Monday,0,0,Low
Central,Ghatkopar,3,Monday,0,0,Low
Central,Ghatkopar,4,Monday,0,0,Low
Central,Ghatkopar,5,Monday,0,0,Low
Central,Ghatkopar,6,Monday,0,0,Low
Central,Ghatkopar,7,Monday,0,0,Low
Central,Ghatkopar,8,Monday,0,1,High
Central,Ghatkopar,9,Monday,0,1,High
Central,Ghatkopar,10,Monday,0,1,High
Central,Ghatkopar,11,Monday,0,0,Medium
Central,Ghatkopar,12,Monday,0,0,Medium
Central,Ghatkopar,13,Monday,0,0,Medium
Central,Ghatkopar,14,Monday,0,0,Medium
Central,Ghatkopar,15,Monday,0,0,Medium
Central,Ghatkopar,16,Monday,0,0,Medium
Central,Ghatkopar,17,Monday,0,0,Medium
Central,Ghatkopar,18,Monday,0,1,High
Central,Ghatkopar,19,Monday,0,1,High
Central,Ghatkopar,20,Monday,0,1,High
Central,Ghatkopar,21,Monday,0,1,High
Central,Ghatkopar,22,Monday,0,0,Low
Central,Ghatkopar,23,Monday,0,0,Low
Central,Ghatkopar,0,Tuesday,0,0,Low
Central,Ghatkopar,1,Tuesday,0,0,Low
Central,Ghatkopar,2,Tuesday,0,0,Low
Central,Ghatkopar,3,Tuesday,0,0,Low
Central,Ghatkopar,4,Tuesday,0,0,Low
Central,Ghatkopar,5,Tuesday,0,0,Low
Central,Ghatkopar,6,Tuesday,0,0,Low
Central,Ghatkopar,7,Tuesday,0,0,Low
Central,Ghatkopar,8,Tuesday,0,1,High
Central,Ghatkopar,9,Tuesday,0,1,High
Central,Ghatkopar,10,Tuesday,0,1,High
Central,Ghatkopar,11,Tuesday,0,0,Medium
Central,Ghatkopar,12,Tuesday,0,0,Medium
Central,Ghatkopar,13,Tuesday,0,0,Medium
Central,Ghatkopar,14,Tuesday,0,0,Medium
Central,Ghatkopar,15,Tuesday,0,0,Medium
Central,Ghatkopar,16,Tuesday,0,0,Medium
Central,Ghatkopar,17,Tuesday,0,0,Medium
Central,Ghatkopar,18,Tuesday,0,1,High
Central,Ghatkopar,19,Tuesday,0,1,High
Central,Ghatkopar,20,Tuesday,0,1,High
Central,Ghatkopar,21,Tuesday,0,1,High
Central,Ghatkopar,22,Tuesday,0,0,Low
Central,Ghatkopar,23,Tuesday,0,0,Low
Central,Ghatkopar,0,Wednesday,0,0,Low
Central,Ghatkopar,1,Wednesday,0,0,Low
Central,Ghatkopar,2,Wednesday,0,0,Low
Central,Ghatkopar,3,Wednesday,0,0,Low
Central,Ghatkopar,4,Wednesday,0,0,Low
Central,Ghatkopar,5,Wednesday,0,0,Low
Central,Ghatkopar,6,Wednesday,0,0,Low
Central,Ghatkopar,7,Wednesday,0,0,Low
Central,Ghatkopar,8,Wednesday,0,1,High
Central,Ghatkopar,9,Wednesday,0,1,High
Central,Ghatkopar,10,Wednesday,0,1,High
Central,Ghatkopar,11,Wednesday,0,0,Medium
Central,Ghatkopar,12,Wednesday,0,0,Medium
Central,Ghatkopar,13,Wednesday,0,0,Medium
Central,Ghatkopar,14,Wednesday,0,0,Medium
Central,Ghatkopar,15,Wednesday,0,0,Medium
Central,Ghatkopar,16,Wednesday,0,0,Medium
Central,Ghatkopar,17,Wednesday,0,0,Medium
Central,Ghatkopar,18,Wednesday,0,1,High
Central,Ghatkopar,19,Wednesday,0,1,High
Central,Ghatkopar,20,Wednesday,0,1,High
Central,Ghatkopar,21,Wednesday,0,1,High
Central,Ghatkopar,22,Wednesday,0,0,Low
Central,Ghatkopar,23,Wednesday,0,0,Low
Central,Ghatkopar,0,Thursday,0,0,Low
Central,Ghatkopar,1,Thursday,0,0,Low
Central,Ghatkopar,2,Thursday,0,0,Low
Central,Ghatkopar,3,Thursday,0,0,Low
Central,Ghatkopar,4,Thursday,0,0,Low
Central,Ghatkopar,5,Thursday,0,0,Low
Central,Ghatkopar,6,Thursday,0,0,Low
Central,Ghatkopar,7,Thursday,0,0,Low
Central,Ghatkopar,8,Thursday,0,1,High
Central,Ghatkopar,9,Thursday,0,1,High
Central,Ghatkopar,10,Thursday,0,1,High
Central,Ghatkopar,11,Thursday,0,0,Medium
Central,Ghatkopar,12,Thursday,0,0,Medium
Central,Ghatkopar,13,Thursday,0,0,Medium
Central,Ghatkopar,14,Thursday,0,0,Medium
Central,Ghatkopar,15,Thursday,0,0,Medium
Central,Ghatkopar,16,Thursday,0,0,Medium
Central,Ghatkopar,17,Thursday,0,0,Medium
Central,Ghatkopar,18,Thursday,0,1,High
Central,Ghatkopar,19,Thursday,0,1,High
Central,Ghatkopar,20,Thursday,0,1,High
Central,Ghatkopar,21,Thursday,0,1,High
Central,Ghatkopar,22,Thursday,0,0,Low
Central,Ghatkopar,23,Thursday,0,0,Low
Central,Ghatkopar,0,Friday,0,0,Low
Central,Ghatkopar,1,Friday,0,0,Low
Central,Ghatkopar,2,Friday,0,0,Low
Central,Ghatkopar,3,Friday,0,0,Low
Central,Ghatkopar,4,Friday,0,0,Low
Central,Ghatkopar,5,Friday,0,0,Low
Central,Ghatkopar,6,Friday,0,0,Low
Central,Ghatkopar,7,Friday,0,0,Low
Central,Ghatkopar,8,Friday,0,1,High
Central,Ghatkopar,9,Friday,0,1,High
Central,Ghatkopar,10,Friday,0,1,High
Central,Ghatkopar,11,Friday,0,0,Medium
Central,Ghatkopar,12,Friday,0,0,Medium
Central,Ghatkopar,13,Friday,0,0,Medium
Central,Ghatkopar,14,Friday,0,0,Medium
Central,Ghatkopar,15,Friday,0,0,Medium
Central,Ghatkopar,16,Friday,0,0,Medium
Central,Ghatkopar,17,Friday,0,0,Medium
Central,Ghatkopar,18,Friday,0,1,High
Central,Ghatkopar,19,Friday,0,1,High
Central,Ghatkopar,20,Friday,0,1,High
Central,Ghatkopar,21,Friday,0,1,High
Central,Ghatkopar,22,Friday,0,0,Low
Central,Ghatkopar,23,Friday,0,0,Low
Central,Ghatkopar,0,Saturday,1,0,Low
Central,Ghatkopar,1,Saturday,1,0,Low
Central,Ghatkopar,2,Saturday,1,0,Low
Central,Ghatkopar,3,Saturday,1,0,Low
Central,Ghatkopar,4,Saturday,1,0,Low
Central,Ghatkopar,5,Saturday,1,0,Low
Central,Ghatkopar,6,Saturday,1,0,Low
Central,Ghatkopar,7,Saturday,1,0,Low
Central,Ghatkopar,8,Saturday,1,1,Low
Central,Ghatkopar,9,Saturday,1,1,Low
Central,Ghatkopar,10,Saturday,1,1,Low
Central,Ghatkopar,11,Saturday,1,0,Medium
Central,Ghatkopar,12,Saturday,1,0,Medium
Central,Ghatkopar,13,Saturday,1,0,Medium
Central,Ghatkopar,14,Saturday,1,0,Medium
Central,Ghatkopar,15,Saturday,1,0,Medium
Central,Ghatkopar,16,Saturday,1,0,Medium
Central,Ghatkopar,17,Saturday,1,0,Medium
Central,Ghatkopar,18,Saturday,1,1,Medium
Central,Ghatkopar,19,Saturday,1,1,Medium
Central,Ghatkopar,20,Saturday,1,1,Medium
Central,Ghatkopar,21,Saturday,1,1,Low
Central,Ghatkopar,22,Saturday,1,0,Low
Central,Ghatkopar,23,Saturday,1,0,Low
Central,Ghatkopar,0,Sunday,1,0,Low
Central,Ghatkopar,1,Sunday,1,0,Low
Central,Ghatkopar,2,Sunday,1,0,Low
Central,Ghatkopar,3,Sunday,1,0,Low
Central,Ghatkopar,4,Sunday,1,0,Low
Central,Ghatkopar,5,Sunday,1,0,Low
Central,Ghatkopar,6,Sunday,1,0,Low
Central,Ghatkopar,7,Sunday,1,0,Low
Central,Ghatkopar,8,Sunday,1,1,Low
Central,Ghatkopar,9,Sunday,1,1,Low
Central,Ghatkopar,10,Sunday,1,1,Low
Central,Ghatkopar,11,Sunday,1,0,Medium
Central,Ghatkopar,12,Sunday,1,0,Medium
Central,Ghatkopar,13,Sunday,1,0,Medium
Central,Ghatkopar,14,Sunday,1,0,Medium
Central,Ghatkopar,15,Sunday,1,0,Medium
Central,Ghatkopar,16,Sunday,1,0,Medium
Central,Ghatkopar,17,Sunday,1,0,Medium
Central,Ghatkopar,18,Sunday,1,1,Medium
Central,Ghatkopar,19,Sunday,1,1,Medium
Central,Ghatkopar,20,Sunday,1,1,Medium
Central,Ghatkopar,21,Sunday,1,1,Low
Central,Ghatkopar,22,Sunday,1,0,Low
Central,Ghatkopar,23,Sunday,1,0,Low
Central,Dadar,0,Monday,0,0,Low
Central,Dadar,1,Monday,0,0,Low
Central,Dadar,2,Monday,0,0,Low
Central,Dadar,3,Monday,0,0,Low
Central,Dadar,4,Monday,0,0,Low
Central,Dadar,5,Monday,0,0,Low
Central,Dadar,6,Monday,0,0,Low
Central,Dadar,7,Monday,0,0,Low
Central,Dadar,8,Monday,0,1,Extreme
Central,Dadar,9,Monday,0,1,Extreme
Central,Dadar,10,Monday,0,1,Extreme
Central,Dadar,11,Monday,0,0,Medium
Central,Dadar,12,Monday,0,0,Medium
Central,Dadar,13,Monday,0,0,Medium
Central,Dadar,14,Monday,0,0,Medium
Central,Dadar,15,Monday,0,0,Medium
Central,Dadar,16,Monday,0,0,Medium
Central,Dadar,17,Monday,0,0,Medium
Central,Dadar,18,Monday,0,1,Extreme
Central,Dadar,19,Monday,0,1,Extreme
Central,Dadar,20,Monday,0,1,Extreme
Central,Dadar,21,Monday,0,1,Extreme
Central,Dadar,22,Monday,0,0,Low
Central,Dadar,23,Monday,0,0,Low
Central,Dadar,0,Tuesday,0,0,Low
Central,Dadar,1,Tuesday,0,0,Low
Central,Dadar,2,Tuesday,0,0,Low
Central,Dadar,3,Tuesday,0,0,Low
Central,Dadar,4,Tuesday,0,0,Low
Central,Dadar,5,Tuesday,0,0,Low
Central,Dadar,6,Tuesday,0,0,Low
Central,Dadar,7,Tuesday,0,0,Low
Central,Dadar,8,Tuesday,0,1,Extreme
Central,Dadar,9,Tuesday,0,1,Extreme
Central,Dadar,10,Tuesday,0,1,Extreme
Central,Dadar,11,Tuesday,0,0,Medium
Central,Dadar,12,Tuesday,0,0,Medium
Central,Dadar,13,Tuesday,0,0,Medium
Central,Dadar,14,Tuesday,0,0,Medium
Central,Dadar,15,Tuesday,0,0,Medium
Central,Dadar,16,Tuesday,0,0,Medium
Central,Dadar,17,Tuesday,0,0,Medium
Central,Dadar,18,Tuesday,0,1,Extreme
Central,Dadar,19,Tuesday,0,1,Extreme
Central,Dadar,20,Tuesday,0,1,Extreme
Central,Dadar,21,Tuesday,0,1,Extreme
Central,Dadar,22,Tuesday,0,0,Low
Central,Dadar,23,Tuesday,0,0,Low
Central,Dadar,0,Wednesday,0,0,Low
Central,Dadar,1,Wednesday,0,0,Low
Central,Dadar,2,Wednesday,0,0,Low
Central,Dadar,3,Wednesday,0,0,Low
Central,Dadar,4,Wednesday,0,0,Low
Central,Dadar,5,Wednesday,0,0,Low
Central,Dadar,6,Wednesday,0,0,Low
Central,Dadar,7,Wednesday,0,0,Low
Central,Dadar,8,Wednesday,0,1,Extreme
Central,Dadar,9,Wednesday,0,1,Extreme
Central,Dadar,10,Wednesday,0,1,Extreme
Central,Dadar,11,Wednesday,0,0,Medium
Central,Dadar,12,Wednesday,0,0,Medium
Central,Dadar,13,Wednesday,0,0,Medium
Central,Dadar,14,Wednesday,0,0,Medium
Central,Dadar,15,Wednesday,0,0,Medium
Central,Dadar,16,Wednesday,0,0,Medium
Central,Dadar,17,Wednesday,0,0,Medium
Central,Dadar,18,Wednesday,0,1,Extreme
Central,Dadar,19,Wednesday,0,1,Extreme
Central,Dadar,20,Wednesday,0,1,Extreme
Central,Dadar,21,Wednesday,0,1,Extreme
Central,Dadar,22,Wednesday,0,0,Low
Central,Dadar,23,Wednesday,0,0,Low
Central,Dadar,0,Thursday,0,0,Low
Central,Dadar,1,Thursday,0,0,Low
Central,Dadar,2,Thursday,0,0,Low
Central,Dadar,3,Thursday,0,0,Low
Central,Dadar,4,Thursday,0,0,Low
Central,Dadar,5,Thursday,0,0,Low
Central,Dadar,6,Thursday,0,0,Low
Central,Dadar,7,Thursday,0,0,Low
Central,Dadar,8,Thursday,0,1,Extreme
Central,Dadar,9,Thursday,0,1,Extreme
Central,Dadar,10,Thursday,0,1,Extreme
Central,Dadar,11,Thursday,0,0,Medium
Central,Dadar,12,Thursday,0,0,Medium
Central,Dadar,13,Thursday,0,0,Medium
Central,Dadar,14,Thursday,0,0,Medium
Central,Dadar,15,Thursday,0,0,Medium
Central,Dadar,16,Thursday,0,0,Medium
Central,Dadar,17,Thursday,0,0,Medium
Central,Dadar,18,Thursday,0,1,Extreme
Central,Dadar,19,Thursday,0,1,Extreme
Central,Dadar,20,Thursday,0,1,Extreme
Central,Dadar,21,Thursday,0,1,Extreme
Central,Dadar,22,Thursday,0,0,Low
Central,Dadar,23,Thursday,0,0,Low
Central,Dadar,0,Friday,0,0,Low
Central,Dadar,1,Friday,0,0,Low
Central,Dadar,2,Friday,0,0,Low
Central,Dadar,3,Friday,0,0,Low
Central,Dadar,4,Friday,0,0,Low
Central,Dadar,5,Friday,0,0,Low
Central,Dadar,6,Friday,0,0,Low
Central,Dadar,7,Friday,0,0,Low
Central,Dadar,8,Friday,0,1,Extreme
Central,Dadar,9,Friday,0,1,Extreme
Central,Dadar,10,Friday,0,1,Extreme
Central,Dadar,11,Friday,0,0,Medium
Central,Dadar,12,Friday,0,0,Medium
Central,Dadar,13,Friday,0,0,Medium
Central,Dadar,14,Friday,0,0,Medium
Central,Dadar,15,Friday,0,0,Medium
Central,Dadar,16,Friday,0,0,Medium
Central,Dadar,17,Friday,0,0,Medium
Central,Dadar,18,Friday,0,1,Extreme
Central,Dadar,19,Friday,0,1,Extreme
Central,Dadar,20,Friday,0,1,Extreme
Central,Dadar,21,Friday,0,1,Extreme
Central,Dadar,22,Friday,0,0,Low
Central,Dadar,23,Friday,0,0,Low
Central,Dadar,0,Saturday,1,0,Low
Central,Dadar,1,Saturday,1,0,Low
Central,Dadar,2,Saturday,1,0,Low
Central,Dadar,3,Saturday,1,0,Low
Central,Dadar,4,Saturday,1,0,Low
Central,Dadar,5,Saturday,1,0,Low
Central,Dadar,6,Saturday,1,0,Low
Central,Dadar,7,Saturday,1,0,Low
Central,Dadar,8,Saturday,1,1,Low
Central,Dadar,9,Saturday,1,1,Low
Central,Dadar,10,Saturday,1,1,Low
Central,Dadar,11,Saturday,1,0,Medium
Central,Dadar,12,Saturday,1,0,Medium
Central,Dadar,13,Saturday,1,0,Medium
Central,Dadar,14,Saturday,1,0,Medium
Central,Dadar,15,Saturday,1,0,Medium
Central,Dadar,16,Saturday,1,0,Medium
Central,Dadar,17,Saturday,1,0,Medium
Central,Dadar,18,Saturday,1,1,Medium
Central,Dadar,19,Saturday,1,1,Medium
Central,Dadar,20,Saturday,1,1,Medium
Central,Dadar,21,Saturday,1,1,Low
Central,Dadar,22,Saturday,1,0,Low
Central,Dadar,23,Saturday,1,0,Low
Central,Dadar,0,Sunday,1,0,Low
Central,Dadar,1,Sunday,1,0,Low
Central,Dadar,2,Sunday,1,0,Low
Central,Dadar,3,Sunday,1,0,Low
Central,Dadar,4,Sunday,1,0,Low
Central,Dadar,5,Sunday,1,0,Low
Central,Dadar,6,Sunday,1,0,Low
Central,Dadar,7,Sunday,1,0,Low
Central,Dadar,8,Sunday,1,1,Low
Central,Dadar,9,Sunday,1,1,Low
Central,Dadar,10,Sunday,1,1,Low
Central,Dadar,11,Sunday,1,0,Medium
Central,Dadar,12,Sunday,1,0,Medium
Central,Dadar,13,Sunday,1,0,Medium
Central,Dadar,14,Sunday,1,0,Medium
Central,Dadar,15,Sunday,1,0,Medium
Central,Dadar,16,Sunday,1,0,Medium
Central,Dadar,17,Sunday,1,0,Medium
Central,Dadar,18,Sunday,1,1,Medium
Central,Dadar,19,Sunday,1,1,Medium
Central,Dadar,20,Sunday,1,1,Medium
Central,Dadar,21,Sunday,1,1,Low
Central,Dadar,22,Sunday,1,0,Low
Central,Dadar,23,Sunday,1,0,Low
Central,Thane,0,Monday,0,0,Low
Central,Thane,1,Monday,0,0,Low
Central,Thane,2,Monday,0,0,Low
Central,Thane,3,Monday,0,0,Low
Central,Thane,4,Monday,0,0,Low
Central,Thane,5,Monday,0,0,Low
Central,Thane,6,Monday,0,0,Low
Central,Thane,7,Monday,0,0,Low
Central,Thane,8,Monday,0,1,High
Central,Thane,9,Monday,0,1,High
Central,Thane,10,Monday,0,1,High
Central,Thane,11,Monday,0,0,Medium
Central,Thane,12,Monday,0,0,Medium
Central,Thane,13,Monday,0,0,Medium
Central,Thane,14,Monday,0,0,Medium
Central,Thane,15,Monday,0,0,Medium
Central,Thane,16,Monday,0,0,Medium
Central,Thane,17,Monday,0,0,Medium
Central,Thane,18,Monday,0,1,High
Central,Thane,19,Monday,0,1,High
Central,Thane,20,Monday,0,1,High
Central,Thane,21,Monday,0,1,High
Central,Thane,22,Monday,0,0,Low
Central,Thane,23,Monday,0,0,Low
Central,Thane,0,Tuesday,0,0,Low
Central,Thane,1,Tuesday,0,0,Low
Central,Thane,2,Tuesday,0,0,Low
Central,Thane,3,Tuesday,0,0,Low
Central,Thane,4,Tuesday,0,0,Low
Central,Thane,5,Tuesday,0,0,Low
Central,Thane,6,Tuesday,0,0,Low
Central,Thane,7,Tuesday,0,0,Low
Central,Thane,8,Tuesday,0,1,High
Central,Thane,9,Tuesday,0,1,High
Central,Thane,10,Tuesday,0,1,High
Central,Thane,11,Tuesday,0,0,Medium
Central,Thane,12,Tuesday,0,0,Medium
Central,Thane,13,Tuesday,0,0,Medium
Central,Thane,14,Tuesday,0,0,Medium
Central,Thane,15,Tuesday,0,0,Medium
Central,Thane,16,Tuesday,0,0,Medium
Central,Thane,17,Tuesday,0,0,Medium
Central,Thane,18,Tuesday,0,1,High
Central,Thane,19,Tuesday,0,1,High
Central,Thane,20,Tuesday,0,1,High
Central,Thane,21,Tuesday,0,1,High
Central,Thane,22,Tuesday,0,0,Low
Central,Thane,23,Tuesday,0,0,Low
Central,Thane,0,Wednesday,0,0,Low
Central,Thane,1,Wednesday,0,0,Low
Central,Thane,2,Wednesday,0,0,Low
Central,Thane,3,Wednesday,0,0,Low
Central,Thane,4,Wednesday,0,0,Low
Central,Thane,5,Wednesday,0,0,Low
Central,Thane,6,Wednesday,0,0,Low
Central,Thane,7,Wednesday,0,0,Low
Central,Thane,8,Wednesday,0,1,High
Central,Thane,9,Wednesday,0,1,High
Central,Thane,10,Wednesday,0,1,High
Central,Thane,11,Wednesday,0,0,Medium
Central,Thane,12,Wednesday,0,0,Medium
Central,Thane,13,Wednesday,0,0,Medium
Central,Thane,14,Wednesday,0,0,Medium
Central,Thane,15,Wednesday,0,0,Medium
Central,Thane,16,Wednesday,0,0,Medium
Central,Thane,17,Wednesday,0,0,Medium
Central,Thane,18,Wednesday,0,1,High
Central,Thane,19,Wednesday,0,1,High
Central,Thane,20,Wednesday,0,1,High
Central,Thane,21,Wednesday,0,1,High
Central,Thane,22,Wednesday,0,0,Low
Central,Thane,23,Wednesday,0,0,Low
Central,Thane,0,Thursday,0,0,Low
Central,Thane,1,Thursday,0,0,Low
Central,Thane,2,Thursday,0,0,Low
Central,Thane,3,Thursday,0,0,Low
Central,Thane,4,Thursday,0,0,Low
Central,Thane,5,Thursday,0,0,Low
Central,Thane,6,Thursday,0,0,Low
Central,Thane,7,Thursday,0,0,Low
Central,Thane,8,Thursday,0,1,High
Central,Thane,9,Thursday,0,1,High
Central,Thane,10,Thursday,0,1,High
Central,Thane,11,Thursday,0,0,Medium
Central,Thane,12,Thursday,0,0,Medium
Central,Thane,13,Thursday,0,0,Medium
Central,Thane,14,Thursday,0,0,Medium
Central,Thane,15,Thursday,0,0,Medium
Central,Thane,16,Thursday,0,0,Medium
Central,Thane,17,Thursday,0,0,Medium
Central,Thane,18,Thursday,0,1,High
Central,Thane,19,Thursday,0,1,High
Central,Thane,20,Thursday,0,1,High
Central,Thane,21,Thursday,0,1,High
Central,Thane,22,Thursday,0,0,Low
Central,Thane,23,Thursday,0,0,Low
Central,Thane,0,Friday,0,0,Low
Central,Thane,1,Friday,0,0,Low
Central,Thane,2,Friday,0,0,Low
Central,Thane,3,Friday,0,0,Low
Central,Thane,4,Friday,0,0,Low
Central,Thane,5,Friday,0,0,Low
Central,Thane,6,Friday,0,0,Low
Central,Thane,7,Friday,0,0,Low
Central,Thane,8,Friday,0,1,High
Central,Thane,9,Friday,0,1,High
Central,Thane,10,Friday,0,1,High
Central,Thane,11,Friday,0,0,Medium
Central,Thane,12,Friday,0,0,Medium
Central,Thane,13,Friday,0,0,Medium
Central,Thane,14,Friday,0,0,Medium
Central,Thane,15,Friday,0,0,Medium
Central,Thane,16,Friday,0,0,Medium
Central,Thane,17,Friday,0,0,Medium
Central,Thane,18,Friday,0,1,High
Central,Thane,19,Friday,0,1,High
Central,Thane,20,Friday,0,1,High
Central,Thane,21,Friday,0,1,High
Central,Thane,22,Friday,0,0,Low
Central,Thane,23,Friday,0,0,Low
Central,Thane,0,Saturday,1,0,Low
Central,Thane,1,Saturday,1,0,Low
Central,Thane,2,Saturday,1,0,Low
Central,Thane,3,Saturday,1,0,Low
Central,Thane,4,Saturday,1,0,Low
Central,Thane,5,Saturday,1,0,Low
Central,Thane,6,Saturday,1,0,Low
Central,Thane,7,Saturday,1,0,Low
Central,Thane,8,Saturday,1,1,Low
Central,Thane,9,Saturday,1,1,Low
Central,Thane,10,Saturday,1,1,Low
Central,Thane,11,Saturday,1,0,Medium
Central,Thane,12,Saturday,1,0,Medium
Central,Thane,13,Saturday,1,0,Medium
Central,Thane,14,Saturday,1,0,Medium
Central,Thane,15,Saturday,1,0,Medium
Central,Thane,16,Saturday,1,0,Medium
Central,Thane,17,Saturday,1,0,Medium
Central,Thane,18,Saturday,1,1,Medium
Central,Thane,19,Saturday,1,1,Medium
Central,Thane,20,Saturday,1,1,Medium
Central,Thane,21,Saturday,1,1,Low
Central,Thane,22,Saturday,1,0,Low
Central,Thane,23,Saturday,1,0,Low
Central,Thane,0,Sunday,1,0,Low
Central,Thane,1,Sunday,1,0,Low
Central,Thane,2,Sunday,1,0,Low
Central,Thane,3,Sunday,1,0,Low
Central,Thane,4,Sunday,1,0,Low
Central,Thane,5,Sunday,1,0,Low
Central,Thane,6,Sunday,1,0,Low
Central,Thane,7,Sunday,1,0,Low
Central,Thane,8,Sunday,1,1,Low
Central,Thane,9,Sunday,1,1,Low
Central,Thane,10,Sunday,1,1,Low
Central,Thane,11,Sunday,1,0,Medium
Central,Thane,12,Sunday,1,0,Medium
Central,Thane,13,Sunday,1,0,Medium
Central,Thane,14,Sunday,1,0,Medium
Central,Thane,15,Sunday,1,0,Medium
Central,Thane,16,Sunday,1,0,Medium
Central,Thane,17,Sunday,1,0,Medium
Central,Thane,18,Sunday,1,1,Medium
Central,Thane,19,Sunday,1,1,Medium
Central,Thane,20,Sunday,1,1,Medium
Central,Thane,21,Sunday,1,1,Low
Central,Thane,22,Sunday,1,0,Low
Central,Thane,23,Sunday,1,0,Low
Harbour,Vashi,0,Monday,0,0,Low
Harbour,Vashi,1,Monday,0,0,Low
Harbour,Vashi,2,Monday,0,0,Low
Harbour,Vashi,3,Monday,0,0,Low
Harbour,Vashi,4,Monday,0,0,Low
Harbour,Vashi,5,Monday,0,0,Low
Harbour,Vashi,6,Monday,0,0,Low
Harbour,Vashi,7,Monday,0,0,Low
Harbour,Vashi,8,Monday,0,1,High
Harbour,Vashi,9,Monday,0,1,High
Harbour,Vashi,10,Monday,0,1,High
Harbour,Vashi,11,Monday,0,0,Medium
Harbour,Vashi,12,Monday,0,0,Medium
Harbour,Vashi,13,Monday,0,0,Medium
Harbour,Vashi,14,Monday,0,0,Medium
Harbour,Vashi,15,Monday,0,0,Medium
Harbour,Vashi,16,Monday,0,0,Medium
Harbour,Vashi,17,Monday,0,0,Medium
Harbour,Vashi,18,Monday,0,1,High
Harbour,Vashi,19,Monday,0,1,High
Harbour,Vashi,20,Monday,0,1,High
Harbour,Vashi,21,Monday,0,1,High
Harbour,Vashi,22,Monday,0,0,Low
Harbour,Vashi,23,Monday,0,0,Low
Harbour,Vashi,0,Tuesday,0,0,Low
Harbour,Vashi,1,Tuesday,0,0,Low
Harbour,Vashi,2,Tuesday,0,0,Low
Harbour,Vashi,3,Tuesday,0,0,Low
Harbour,Vashi,4,Tuesday,0,0,Low
Harbour,Vashi,5,Tuesday,0,0,Low
Harbour,Vashi,6,Tuesday,0,0,Low
Harbour,Vashi,7,Tuesday,0,0,Low
Harbour,Vashi,8,Tuesday,0,1,High
Harbour,Vashi,9,Tuesday,0,1,High
Harbour,Vashi,10,Tuesday,0,1,High
Harbour,Vashi,11,Tuesday,0,0,Medium
Harbour,Vashi,12,Tuesday,0,0,Medium
Harbour,Vashi,13,Tuesday,0,0,Medium
Harbour,Vashi,14,Tuesday,0,0,Medium
Harbour,Vashi,15,Tuesday,0,0,Medium
Harbour,Vashi,16,Tuesday,0,0,Medium
Harbour,Vashi,17,Tuesday,0,0,Medium
Harbour,Vashi,18,Tuesday,0,1,High
Harbour,Vashi,19,Tuesday,0,1,High
Harbour,Vashi,20,Tuesday,0,1,High
Harbour,Vashi,21,Tuesday,0,1,High
Harbour,Vashi,22,Tuesday,0,0,Low
Harbour,Vashi,23,Tuesday,0,0,Low
Harbour,Vashi,0,Wednesday,0,0,Low
Harbour,Vashi,1,Wednesday,0,0,Low
Harbour,Vashi,2,Wednesday,0,0,Low
Harbour,Vashi,3,Wednesday,0,0,Low
Harbour,Vashi,4,Wednesday,0,0,Low
Harbour,Vashi,5,Wednesday,0,0,Low
Harbour,Vashi,6,Wednesday,0,0,Low
Harbour,Vashi,7,Wednesday,0,0,Low
Harbour,Vashi,8,Wednesday,0,1,High
Harbour,Vashi,9,Wednesday,0,1,High
Harbour,Vashi,10,Wednesday,0,1,High
Harbour,Vashi,11,Wednesday,0,0,Medium
Harbour,Vashi,12,Wednesday,0,0,Medium
Harbour,Vashi,13,Wednesday,0,0,Medium
Harbour,Vashi,14,Wednesday,0,0,Medium
Harbour,Vashi,15,Wednesday,0,0,Medium
Harbour,Vashi,16,Wednesday,0,0,Medium
Harbour,Vashi,17,Wednesday,0,0,Medium
Harbour,Vashi,18,Wednesday,0,1,High
Harbour,Vashi,19,Wednesday,0,1,High
Harbour,Vashi,20,Wednesday,0,1,High
Harbour,Vashi,21,Wednesday,0,1,High
Harbour,Vashi,22,Wednesday,0,0,Low
Harbour,Vashi,23,Wednesday,0,0,Low
Harbour,Vashi,0,Thursday,0,0,Low
Harbour,Vashi,1,Thursday,0,0,Low
Harbour,Vashi,2,Thursday,0,0,Low
Harbour,Vashi,3,Thursday,0,0,Low
Harbour,Vashi,4,Thursday,0,0,Low
Harbour,Vashi,5,Thursday,0,0,Low
Harbour,Vashi,6,Thursday,0,0,Low
Harbour,Vashi,7,Thursday,0,0,Low
Harbour,Vashi,8,Thursday,0,1,High
Harbour,Vashi,9,Thursday,0,1,High
Harbour,Vashi,10,Thursday,0,1,High
Harbour,Vashi,11,Thursday,0,0,Medium
Harbour,Vashi,12,Thursday,0,0,Medium
Harbour,Vashi,13,Thursday,0,0,Medium
Harbour,Vashi,14,Thursday,0,0,Medium
Harbour,Vashi,15,Thursday,0,0,Medium
Harbour,Vashi,16,Thursday,0,0,Medium
Harbour,Vashi,17,Thursday,0,0,Medium
Harbour,Vashi,18,Thursday,0,1,High
Harbour,Vashi,19,Thursday,0,1,High
Harbour,Vashi,20,Thursday,0,1,High
Harbour,Vashi,21,Thursday,0,1,High
Harbour,Vashi,22,Thursday,0,0,Low
Harbour,Vashi,23,Thursday,0,0,Low
Harbour,Vashi,0,Friday,0,0,Low
Harbour,Vashi,1,Friday,0,0,Low
Harbour,Vashi,2,Friday,0,0,Low
Harbour,Vashi,3,Friday,0,0,Low
Harbour,Vashi,4,Friday,0,0,Low
Harbour,Vashi,5,Friday,0,0,Low
Harbour,Vashi,6,Friday,0,0,Low
Harbour,Vashi,7,Friday,0,0,Low
Harbour,Vashi,8,Friday,0,1,High
Harbour,Vashi,9,Friday,0,1,High
Harbour,Vashi,10,Friday,0,1,High
Harbour,Vashi,11,Friday,0,0,Medium
Harbour,Vashi,12,Friday,0,0,Medium
Harbour,Vashi,13,Friday,0,0,Medium
Harbour,Vashi,14,Friday,0,0,Medium
Harbour,Vashi,15,Friday,0,0,Medium
Harbour,Vashi,16,Friday,0,0,Medium
Harbour,Vashi,17,Friday,0,0,Medium
Harbour,Vashi,18,Friday,0,1,High
Harbour,Vashi,19,Friday,0,1,High
Harbour,Vashi,20,Friday,0,1,High
Harbour,Vashi,21,Friday,0,1,High
Harbour,Vashi,22,Friday,0,0,Low
Harbour,Vashi,23,Friday,0,0,Low
Harbour,Vashi,0,Saturday,1,0,Low
Harbour,Vashi,1,Saturday,1,0,Low
Harbour,Vashi,2,Saturday,1,0,Low
Harbour,Vashi,3,Saturday,1,0,Low
Harbour,Vashi,4,Saturday,1,0,Low
Harbour,Vashi,5,Saturday,1,0,Low
Harbour,Vashi,6,Saturday,1,0,Low
Harbour,Vashi,7,Saturday,1,0,Low
Harbour,Vashi,8,Saturday,1,1,Low
Harbour,Vashi,9,Saturday,1,1,Low
Harbour,Vashi,10,Saturday,1,1,Low
Harbour,Vashi,11,Saturday,1,0,Medium
Harbour,Vashi,12,Saturday,1,0,Medium
Harbour,Vashi,13,Saturday,1,0,Medium
Harbour,Vashi,14,Saturday,1,0,Medium
Harbour,Vashi,15,Saturday,1,0,Medium
Harbour,Vashi,16,Saturday,1,0,Medium
Harbour,Vashi,17,Saturday,1,0,Medium
Harbour,Vashi,18,Saturday,1,1,Medium
Harbour,Vashi,19,Saturday,1,1,Medium
Harbour,Vashi,20,Saturday,1,1,Medium
Harbour,Vashi,21,Saturday,1,1,Low
Harbour,Vashi,22,Saturday,1,0,Low
Harbour,Vashi,23,Saturday,1,0,Low
Harbour,Vashi,0,Sunday,1,0,Low
Harbour,Vashi,1,Sunday,1,0,Low
Harbour,Vashi,2,Sunday,1,0,Low
Harbour,Vashi,3,Sunday,1,0,Low
Harbour,Vashi,4,Sunday,1,0,Low
Harbour,Vashi,5,Sunday,1,0,Low
Harbour,Vashi,6,Sunday,1,0,Low
Harbour,Vashi,7,Sunday,1,0,Low
Harbour,Vashi,8,Sunday,1,1,Low
Harbour,Vashi,9,Sunday,1,1,Low
Harbour,Vashi,10,Sunday,1,1,Low
Harbour,Vashi,11,Sunday,1,0,Medium
Harbour,Vashi,12,Sunday,1,0,Medium
Harbour,Vashi,13,Sunday,1,0,Medium
Harbour,Vashi,14,Sunday,1,0,Medium
Harbour,Vashi,15,Sunday,1,0,Medium
Harbour,Vashi,16,Sunday,1,0,Medium
Harbour,Vashi,17,Sunday,1,0,Medium
Harbour,Vashi,18,Sunday,1,1,Medium
Harbour,Vashi,19,Sunday,1,1,Medium
Harbour,Vashi,20,Sunday,1,1,Medium
Harbour,Vashi,21,Sunday,1,1,Low
Harbour,Vashi,22,Sunday,1,0,Low
Harbour,Vashi,23,Sunday,1,0,Low
Harbour,Nerul,0,Monday,0,0,Low
Harbour,Nerul,1,Monday,0,0,Low
Harbour,Nerul,2,Monday,0,0,Low
Harbour,Nerul,3,Monday,0,0,Low
Harbour,Nerul,4,Monday,0,0,Low
Harbour,Nerul,5,Monday,0,0,Low
Harbour,Nerul,6,Monday,0,0,Low
Harbour,Nerul,7,Monday,0,0,Low
Harbour,Nerul,8,Monday,0,1,High
Harbour,Nerul,9,Monday,0,1,High
Harbour,Nerul,10,Monday,0,1,High
Harbour,Nerul,11,Monday,0,0,Medium
Harbour,Nerul,12,Monday,0,0,Medium
Harbour,Nerul,13,Monday,0,0,Medium
Harbour,Nerul,14,Monday,0,0,Medium
Harbour,Nerul,15,Monday,0,0,Medium
Harbour,Nerul,16,Monday,0,0,Medium
Harbour,Nerul,17,Monday,0,0,Medium
Harbour,Nerul,18,Monday,0,1,High
Harbour,Nerul,19,Monday,0,1,High
Harbour,Nerul,20,Monday,0,1,High
Harbour,Nerul,21,Monday,0,1,High
Harbour,Nerul,22,Monday,0,0,Low
Harbour,Nerul,23,Monday,0,0,Low
Harbour,Nerul,0,Tuesday,0,0,Low
Harbour,Nerul,1,Tuesday,0,0,Low
Harbour,Nerul,2,Tuesday,0,0,Low
Harbour,Nerul,3,Tuesday,0,0,Low
Harbour,Nerul,4,Tuesday,0,0,Low
Harbour,Nerul,5,Tuesday,0,0,Low
Harbour,Nerul,6,Tuesday,0,0,Low
Harbour,Nerul,7,Tuesday,0,0,Low
Harbour,Nerul,8,Tuesday,0,1,High
Harbour,Nerul,9,Tuesday,0,1,High
Harbour,Nerul,10,Tuesday,0,1,High
Harbour,Nerul,11,Tuesday,0,0,Medium
Harbour,Nerul,12,Tuesday,0,0,Medium
Harbour,Nerul,13,Tuesday,0,0,Medium
Harbour,Nerul,14,Tuesday,0,0,Medium
Harbour,Nerul,15,Tuesday,0,0,Medium
Harbour,Nerul,16,Tuesday,0,0,Medium
Harbour,Nerul,17,Tuesday,0,0,Medium
Harbour,Nerul,18,Tuesday,0,1,High
Harbour,Nerul,19,Tuesday,0,1,High
Harbour,Nerul,20,Tuesday,0,1,High
Harbour,Nerul,21,Tuesday,0,1,High
Harbour,Nerul,22,Tuesday,0,0,Low
Harbour,Nerul,23,Tuesday,0,0,Low
Harbour,Nerul,0,Wednesday,0,0,Low
Harbour,Nerul,1,Wednesday,0,0,Low
Harbour,Nerul,2,Wednesday,0,0,Low
Harbour,Nerul,3,Wednesday,0,0,Low
Harbour,Nerul,4,Wednesday,0,0,Low
Harbour,Nerul,5,Wednesday,0,0,Low
Harbour,Nerul,6,Wednesday,0,0,Low
Harbour,Nerul,7,Wednesday,0,0,Low
Harbour,Nerul,8,Wednesday,0,1,High
Harbour,Nerul,9,Wednesday,0,1,High
Harbour,Nerul,10,Wednesday,0,1,High
Harbour,Nerul,11,Wednesday,0,0,Medium
Harbour,Nerul,12,Wednesday,0,0,Medium
Harbour,Nerul,13,Wednesday,0,0,Medium
Harbour,Nerul,14,Wednesday,0,0,Medium
Harbour,Nerul,15,Wednesday,0,0,Medium
Harbour,Nerul,16,Wednesday,0,0,Medium
Harbour,Nerul,17,Wednesday,0,0,Medium
Harbour,Nerul,18,Wednesday,0,1,High
Harbour,Nerul,19,Wednesday,0,1,High
Harbour,Nerul,20,Wednesday,0,1,High
Harbour,Nerul,21,Wednesday,0,1,High
Harbour,Nerul,22,Wednesday,0,0,Low
Harbour,Nerul,23,Wednesday,0,0,Low
Harbour,Nerul,0,Thursday,0,0,Low
Harbour,Nerul,1,Thursday,0,0,Low
Harbour,Nerul,2,Thursday,0,0,Low
Harbour,Nerul,3,Thursday,0,0,Low
Harbour,Nerul,4,Thursday,0,0,Low
Harbour,Nerul,5,Thursday,0,0,Low
Harbour,Nerul,6,Thursday,0,0,Low
Harbour,Nerul,7,Thursday,0,0,Low
Harbour,Nerul,8,Thursday,0,1,High
Harbour,Nerul,9,Thursday,0,1,High
Harbour,Nerul,10,Thursday,0,1,High
Harbour,Nerul,11,Thursday,0,0,Medium
Harbour,Nerul,12,Thursday,0,0,Medium
Harbour,Nerul,13,Thursday,0,0,Medium
Harbour,Nerul,14,Thursday,0,0,Medium
Harbour,Nerul,15,Thursday,0,0,Medium
Harbour,Nerul,16,Thursday,0,0,Medium
Harbour,Nerul,17,Thursday,0,0,Medium
Harbour,Nerul,18,Thursday,0,1,High
Harbour,Nerul,19,Thursday,0,1,High
Harbour,Nerul,20,Thursday,0,1,High
Harbour,Nerul,21,Thursday,0,1,High
Harbour,Nerul,22,Thursday,0,0,Low
Harbour,Nerul,23,Thursday,0,0,Low
Harbour,Nerul,0,Friday,0,0,Low
Harbour,Nerul,1,Friday,0,0,Low
Harbour,Nerul,2,Friday,0,0,Low
Harbour,Nerul,3,Friday,0,0,Low
Harbour,Nerul,4,Friday,0,0,Low
Harbour,Nerul,5,Friday,0,0,Low
Harbour,Nerul,6,Friday,0,0,Low
Harbour,Nerul,7,Friday,0,0,Low
Harbour,Nerul,8,Friday,0,1,High
Harbour,Nerul,9,Friday,0,1,High
Harbour,Nerul,10,Friday,0,1,High
Harbour,Nerul,11,Friday,0,0,Medium
Harbour,Nerul,12,Friday,0,0,Medium
Harbour,Nerul,13,Friday,0,0,Medium
Harbour,Nerul,14,Friday,0,0,Medium
Harbour,Nerul,15,Friday,0,0,Medium
Harbour,Nerul,16,Friday,0,0,Medium
Harbour,Nerul,17,Friday,0,0,Medium
Harbour,Nerul,18,Friday,0,1,High
Harbour,Nerul,19,Friday,0,1,High
Harbour,Nerul,20,Friday,0,1,High
Harbour,Nerul,21,Friday,0,1,High
Harbour,Nerul,22,Friday,0,0,Low
Harbour,Nerul,23,Friday,0,0,Low
Harbour,Nerul,0,Saturday,1,0,Low
Harbour,Nerul,1,Saturday,1,0,Low
Harbour,Nerul,2,Saturday,1,0,Low
Harbour,Nerul,3,Saturday,1,0,Low
Harbour,Nerul,4,Saturday,1,0,Low
Harbour,Nerul,5,Saturday,1,0,Low
Harbour,Nerul,6,Saturday,1,0,Low
Harbour,Nerul,7,Saturday,1,0,Low
Harbour,Nerul,8,Saturday,1,1,Low
Harbour,Nerul,9,Saturday,1,1,Low
Harbour,Nerul,10,Saturday,1,1,Low
Harbour,Nerul,11,Saturday,1,0,Medium
Harbour,Nerul,12,Saturday,1,0,Medium
Harbour,Nerul,13,Saturday,1,0,Medium
Harbour,Nerul,14,Saturday,1,0,Medium
Harbour,Nerul,15,Saturday,1,0,Medium
Harbour,Nerul,16,Saturday,1,0,Medium
Harbour,Nerul,17,Saturday,1,0,Medium
Harbour,Nerul,18,Saturday,1,1,Medium
Harbour,Nerul,19,Saturday,1,1,Medium
Harbour,Nerul,20,Saturday,1,1,Medium
Harbour,Nerul,21,Saturday,1,1,Low
Harbour,Nerul,22,Saturday,1,0,Low
Harbour,Nerul,23,Saturday,1,0,Low
Harbour,Nerul,0,Sunday,1,0,Low
Harbour,Nerul,1,Sunday,1,0,Low
Harbour,Nerul,2,Sunday,1,0,Low
Harbour,Nerul,3,Sunday,1,0,Low
Harbour,Nerul,4,Sunday,1,0,Low
Harbour,Nerul,5,Sunday,1,0,Low
Harbour,Nerul,6,Sunday,1,0,Low
Harbour,Nerul,7,Sunday,1,0,Low
Harbour,Nerul,8,Sunday,1,1,Low
Harbour,Nerul,9,Sunday,1,1,Low
Harbour,Nerul,10,Sunday,1,1,Low
Harbour,Nerul,11,Sunday,1,0,Medium
Harbour,Nerul,12,Sunday,1,0,Medium
Harbour,Nerul,13,Sunday,1,0,Medium
Harbour,Nerul,14,Sunday,1,0,Medium
Harbour,Nerul,15,Sunday,1,0,Medium
Harbour,Nerul,16,Sunday,1,0,Medium
Harbour,Nerul,17,Sunday,1,0,Medium
Harbour,Nerul,18,Sunday,1,1,Medium
Harbour,Nerul,19,Sunday,1,1,Medium
Harbour,Nerul,20,Sunday,1,1,Medium
Harbour,Nerul,21,Sunday,1,1,Low
Harbour,Nerul,22,Sunday,1,0,Low
Harbour,Nerul,23,Sunday,1,0,Low
Harbour,Panvel,0,Monday,0,0,Low
Harbour,Panvel,1,Monday,0,0,Low
Harbour,Panvel,2,Monday,0,0,Low
Harbour,Panvel,3,Monday,0,0,Low
Harbour,Panvel,4,Monday,0,0,Low
Harbour,Panvel,5,Monday,0,0,Low
Harbour,Panvel,6,Monday,0,0,Low
Harbour,Panvel,7,Monday,0,0,Low
Harbour,Panvel,8,Monday,0,1,High
Harbour,Panvel,9,Monday,0,1,High
Harbour,Panvel,10,Monday,0,1,High
Harbour,Panvel,11,Monday,0,0,Medium
Harbour,Panvel,12,Monday,0,0,Medium
Harbour,Panvel,13,Monday,0,0,Medium
Harbour,Panvel,14,Monday,0,0,Medium
Harbour,Panvel,15,Monday,0,0,Medium
Harbour,Panvel,16,Monday,0,0,Medium
Harbour,Panvel,17,Monday,0,0,Medium
Harbour,Panvel,18,Monday,0,1,High
Harbour,Panvel,19,Monday,0,1,High
Harbour,Panvel,20,Monday,0,1,High
Harbour,Panvel,21,Monday,0,1,High
Harbour,Panvel,22,Monday,0,0,Low
Harbour,Panvel,23,Monday,0,0,Low
Harbour,Panvel,0,Tuesday,0,0,Low
Harbour,Panvel,1,Tuesday,0,0,Low
Harbour,Panvel,2,Tuesday,0,0,Low
Harbour,Panvel,3,Tuesday,0,0,Low
Harbour,Panvel,4,Tuesday,0,0,Low
Harbour,Panvel,5,Tuesday,0,0,Low
Harbour,Panvel,6,Tuesday,0,0,Low
Harbour,Panvel,7,Tuesday,0,0,Low
Harbour,Panvel,8,Tuesday,0,1,High
Harbour,Panvel,9,Tuesday,0,1,High
Harbour,Panvel,10,Tuesday,0,1,High
Harbour,Panvel,11,Tuesday,0,0,Medium
Harbour,Panvel,12,Tuesday,0,0,Medium
Harbour,Panvel,13,Tuesday,0,0,Medium
Harbour,Panvel,14,Tuesday,0,0,Medium
Harbour,Panvel,15,Tuesday,0,0,Medium
Harbour,Panvel,16,Tuesday,0,0,Medium
Harbour,Panvel,17,Tuesday,0,0,Medium
Harbour,Panvel,18,Tuesday,0,1,High
Harbour,Panvel,19,Tuesday,0,1,High
Harbour,Panvel,20,Tuesday,0,1,High
Harbour,Panvel,21,Tuesday,0,1,High
Harbour,Panvel,22,Tuesday,0,0,Low
Harbour,Panvel,23,Tuesday,0,0,Low
Harbour,Panvel,0,Wednesday,0,0,Low
Harbour,Panvel,1,Wednesday,0,0,Low
Harbour,Panvel,2,Wednesday,0,0,Low
Harbour,Panvel,3,Wednesday,0,0,Low
Harbour,Panvel,4,Wednesday,0,0,Low
Harbour,Panvel,5,Wednesday,0,0,Low
Harbour,Panvel,6,Wednesday,0,0,Low
Harbour,Panvel,7,Wednesday,0,0,Low
Harbour,Panvel,8,Wednesday,0,1,High
Harbour,Panvel,9,Wednesday,0,1,High
Harbour,Panvel,10,Wednesday,0,1,High
Harbour,Panvel,11,Wednesday,0,0,Medium
Harbour,Panvel,12,Wednesday,0,0,Medium
Harbour,Panvel,13,Wednesday,0,0,Medium
Harbour,Panvel,14,Wednesday,0,0,Medium
Harbour,Panvel,15,Wednesday,0,0,Medium
Harbour,Panvel,16,Wednesday,0,0,Medium
Harbour,Panvel,17,Wednesday,0,0,Medium
Harbour,Panvel,18,Wednesday,0,1,High
Harbour,Panvel,19,Wednesday,0,1,High
Harbour,Panvel,20,Wednesday,0,1,High
Harbour,Panvel,21,Wednesday,0,1,High
Harbour,Panvel,22,Wednesday,0,0,Low
Harbour,Panvel,23,Wednesday,0,0,Low
Harbour,Panvel,0,Thursday,0,0,Low
Harbour,Panvel,1,Thursday,0,0,Low
Harbour,Panvel,2,Thursday,0,0,Low
Harbour,Panvel,3,Thursday,0,0,Low
Harbour,Panvel,4,Thursday,0,0,Low
Harbour,Panvel,5,Thursday,0,0,Low
Harbour,Panvel,6,Thursday,0,0,Low
Harbour,Panvel,7,Thursday,0,0,Low
Harbour,Panvel,8,Thursday,0,1,High
Harbour,Panvel,9,Thursday,0,1,High
Harbour,Panvel,10,Thursday,0,1,High
Harbour,Panvel,11,Thursday,0,0,Medium
Harbour,Panvel,12,Thursday,0,0,Medium
Harbour,Panvel,13,Thursday,0,0,Medium
Harbour,Panvel,14,Thursday,0,0,Medium
Harbour,Panvel,15,Thursday,0,0,Medium
Harbour,Panvel,16,Thursday,0,0,Medium
Harbour,Panvel,17,Thursday,0,0,Medium
Harbour,Panvel,18,Thursday,0,1,High
Harbour,Panvel,19,Thursday,0,1,High
Harbour,Panvel,20,Thursday,0,1,High
Harbour,Panvel,21,Thursday,0,1,High
Harbour,Panvel,22,Thursday,0,0,Low
Harbour,Panvel,23,Thursday,0,0,Low
Harbour,Panvel,0,Friday,0,0,Low
Harbour,Panvel,1,Friday,0,0,Low
Harbour,Panvel,2,Friday,0,0,Low
Harbour,Panvel,3,Friday,0,0,Low
Harbour,Panvel,4,Friday,0,0,Low
Harbour,Panvel,5,Friday,0,0,Low
Harbour,Panvel,6,Friday,0,0,Low
Harbour,Panvel,7,Friday,0,0,Low
Harbour,Panvel,8,Friday,0,1,High
Harbour,Panvel,9,Friday,0,1,High
Harbour,Panvel,10,Friday,0,1,High
Harbour,Panvel,11,Friday,0,0,Medium
Harbour,Panvel,12,Friday,0,0,Medium
Harbour,Panvel,13,Friday,0,0,Medium
Harbour,Panvel,14,Friday,0,0,Medium
Harbour,Panvel,15,Friday,0,0,Medium
Harbour,Panvel,16,Friday,0,0,Medium
Harbour,Panvel,17,Friday,0,0,Medium
Harbour,Panvel,18,Friday,0,1,High
Harbour,Panvel,19,Friday,0,1,High
Harbour,Panvel,20,Friday,0,1,High
Harbour,Panvel,21,Friday,0,1,High
Harbour,Panvel,22,Friday,0,0,Low
Harbour,Panvel,23,Friday,0,0,Low
Harbour,Panvel,0,Saturday,1,0,Low
Harbour,Panvel,1,Saturday,1,0,Low
Harbour,Panvel,2,Saturday,1,0,Low
Harbour,Panvel,3,Saturday,1,0,Low
Harbour,Panvel,4,Saturday,1,0,Low
Harbour,Panvel,5,Saturday,1,0,Low
Harbour,Panvel,6,Saturday,1,0,Low
Harbour,Panvel,7,Saturday,1,0,Low
Harbour,Panvel,8,Saturday,1,1,Low
Harbour,Panvel,9,Saturday,1,1,Low
Harbour,Panvel,10,Saturday,1,1,Low
Harbour,Panvel,11,Saturday,1,0,Medium
Harbour,Panvel,12,Saturday,1,0,Medium
Harbour,Panvel,13,Saturday,1,0,Medium
Harbour,Panvel,14,Saturday,1,0,Medium
Harbour,Panvel,15,Saturday,1,0,Medium
Harbour,Panvel,16,Saturday,1,0,Medium
Harbour,Panvel,17,Saturday,1,0,Medium
Harbour,Panvel,18,Saturday,1,1,Medium
Harbour,Panvel,19,Saturday,1,1,Medium
Harbour,Panvel,20,Saturday,1,1,Medium
Harbour,Panvel,21,Saturday,1,1,Low
Harbour,Panvel,22,Saturday,1,0,Low
Harbour,Panvel,23,Saturday,1,0,Low
Harbour,Panvel,0,Sunday,1,0,Low
Harbour,Panvel,1,Sunday,1,0,Low
Harbour,Panvel,2,Sunday,1,0,Low
Harbour,Panvel,3,Sunday,1,0,Low
Harbour,Panvel,4,Sunday,1,0,Low
Harbour,Panvel,5,Sunday,1,0,Low
Harbour,Panvel,6,Sunday,1,0,Low
Harbour,Panvel,7,Sunday,1,0,Low
Harbour,Panvel,8,Sunday,1,1,Low
Harbour,Panvel,9,Sunday,1,1,Low
Harbour,Panvel,10,Sunday,1,1,Low
Harbour,Panvel,11,Sunday,1,0,Medium
Harbour,Panvel,12,Sunday,1,0,Medium
Harbour,Panvel,13,Sunday,1,0,Medium
Harbour,Panvel,14,Sunday,1,0,Medium
Harbour,Panvel,15,Sunday,1,0,Medium
Harbour,Panvel,16,Sunday,1,0,Medium
Harbour,Panvel,17,Sunday,1,0,Medium
Harbour,Panvel,18,Sunday,1,1,Medium
Harbour,Panvel,19,Sunday,1,1,Medium
Harbour,Panvel,20,Sunday,1,1,Medium
Harbour,Panvel,21,Sunday,1,1,Low
Harbour,Panvel,22,Sunday,1,0,Low
Harbour,Panvel,23,Sunday,1,0,Low
